<?xml version="1.0" encoding="UTF-8"?>
<Entities
 build="b628"
 majorVersion="9"
 minorVersion="0"
 modelPersistenceProviderPackage="MssqlPersistenceProviderPackage"
 revision="10"
 schemaVersion="1109"
 universal="password">
    <ThingTemplates>
        <ThingTemplate
         baseThingTemplate="KBMSSQLDatabaseTemplate"
         description=""
         documentationContent=""
         effectiveThingPackage="DatabaseThing"
         homeMashup=""
         inheritedValueStream=""
         lastModifiedDate="2022-08-04T10:38:46.633Z"
         name="KBBWTargetDBThingTemplate"
         projectName="TWX-Ext-KBsapConnector"
         tags="KBThingWorxInstallationVocabulary:ExtensionSmartKPI"
         thingPackage=""
         valueStream="">
            <avatar></avatar>
            <DesignTimePermissions>
                <Create></Create>
                <Read></Read>
                <Update></Update>
                <Delete></Delete>
                <Metadata></Metadata>
            </DesignTimePermissions>
            <RunTimePermissions></RunTimePermissions>
            <VisibilityPermissions>
                <Visibility></Visibility>
            </VisibilityPermissions>
            <ConfigurationTableDefinitions></ConfigurationTableDefinitions>
            <ConfigurationTables>
                <ConfigurationTable
                 dataShapeName=""
                 description="JDBC Settings"
                 isMultiRow="false"
                 name="ConnectionInfo"
                 ordinal="0">
                    <DataShape>
                        <FieldDefinitions>
                            <FieldDefinition
                             aspect.defaultValue="SELECT NOW()"
                             baseType="STRING"
                             description="Connection test string/query"
                             name="connectionValidationString"
                             ordinal="2"></FieldDefinition>
                            <FieldDefinition
                             aspect.defaultValue="jdbc:mydb:/server:port/database?param=value"
                             aspect.friendlyName="JDBC Connection String"
                             baseType="STRING"
                             description="JDBC Connection URL"
                             name="jDBCConnectionURL"
                             ordinal="1"></FieldDefinition>
                            <FieldDefinition
                             aspect.defaultValue="com.yourdatabase.yourDriver"
                             aspect.friendlyName="JDBC Driver Class Name"
                             baseType="STRING"
                             description="JDBC Driver Class Name"
                             name="jDBCDriverClass"
                             ordinal="0"></FieldDefinition>
                            <FieldDefinition
                             aspect.defaultValue="5.0"
                             aspect.friendlyName="Maxium Number of Connections"
                             baseType="NUMBER"
                             description="Maximum number of connections in the pool"
                             name="maxConnections"
                             ordinal="3"></FieldDefinition>
                            <FieldDefinition
                             aspect.friendlyName="Database Password"
                             baseType="PASSWORD"
                             description="Database password"
                             name="password"
                             ordinal="5"></FieldDefinition>
                            <FieldDefinition
                             aspect.friendlyName="Database User Name"
                             baseType="STRING"
                             description="Database user name"
                             name="userName"
                             ordinal="4"></FieldDefinition>
                        </FieldDefinitions>
                    </DataShape>
                    <Rows>
                        <Row>
                            <connectionValidationString>
                            <![CDATA[
                            select GETDATE()
                            ]]>
                            </connectionValidationString>
                            <jDBCConnectionURL>
                            <![CDATA[
                            jdbc:sqlserver://host\\instance:1433;databaseName=name;applicationName=Thingworx;
                            ]]>
                            </jDBCConnectionURL>
                            <jDBCDriverClass>
                            <![CDATA[
                            com.microsoft.sqlserver.jdbc.SQLServerDriver
                            ]]>
                            </jDBCDriverClass>
                            <maxConnections>5.0</maxConnections>
                            <password></password>
                            <userName></userName>
                        </Row>
                    </Rows>
                </ConfigurationTable>
                <ConfigurationTable
                 dataShapeName=""
                 description="Connection Monitoring Settings"
                 isMultiRow="false"
                 name="ConnectionMonitoring"
                 ordinal="0">
                    <DataShape>
                        <FieldDefinitions>
                            <FieldDefinition
                             aspect.defaultValue="30000.0"
                             aspect.friendlyName="Monitor Rate (seconds)"
                             baseType="NUMBER"
                             description="Monitor rate in milliseconds"
                             name="connectionMonitorRate"
                             ordinal="1"></FieldDefinition>
                            <FieldDefinition
                             aspect.defaultValue="false"
                             aspect.friendlyName="Enable Monitoring"
                             baseType="BOOLEAN"
                             description="Enable connection monitoring"
                             name="enableMonitor"
                             ordinal="0"></FieldDefinition>
                            <FieldDefinition
                             aspect.defaultValue="1.0"
                             aspect.friendlyName="Number of Retries"
                             baseType="NUMBER"
                             description="Number of retries"
                             name="numberOfRetries"
                             ordinal="2"></FieldDefinition>
                            <FieldDefinition
                             aspect.defaultValue="2000.0"
                             aspect.friendlyName="Retry Delay (milliseconds)"
                             baseType="NUMBER"
                             description="Retry delay in milliseconds"
                             name="retryDelay"
                             ordinal="3"></FieldDefinition>
                        </FieldDefinitions>
                    </DataShape>
                    <Rows>
                        <Row>
                            <connectionMonitorRate>30000.0</connectionMonitorRate>
                            <enableMonitor>false</enableMonitor>
                            <numberOfRetries>1.0</numberOfRetries>
                            <retryDelay>2000.0</retryDelay>
                        </Row>
                    </Rows>
                </ConfigurationTable>
                <ConfigurationTable
                 dataShapeName=""
                 description="Field/Column Name Aliases"
                 isMultiRow="true"
                 name="ColumnAliases"
                 ordinal="1">
                    <DataShape>
                        <FieldDefinitions>
                            <FieldDefinition
                             aspect.friendlyName="Database Column Name"
                             baseType="STRING"
                             description="Database column name"
                             name="columnName"
                             ordinal="0"></FieldDefinition>
                            <FieldDefinition
                             aspect.friendlyName="Thingworx Field Name"
                             baseType="STRING"
                             description="Thingworx field name"
                             name="fieldName"
                             ordinal="1"></FieldDefinition>
                        </FieldDefinitions>
                    </DataShape>
                    <Rows></Rows>
                </ConfigurationTable>
            </ConfigurationTables>
            <PropertyBindings></PropertyBindings>
            <RemotePropertyBindings></RemotePropertyBindings>
            <RemoteServiceBindings></RemoteServiceBindings>
            <RemoteEventBindings></RemoteEventBindings>
            <AlertConfigurations></AlertConfigurations>
            <ThingShape>
                <PropertyDefinitions></PropertyDefinitions>
                <ServiceDefinitions>
                    <ServiceDefinition
                     aspect.isAsync="false"
                     category=""
                     description=""
                     isAllowOverride="false"
                     isLocalOnly="false"
                     isOpen="false"
                     isPrivate="false"
                     name="Handle_all">
                        <ResultType
                         baseType="NOTHING"
                         description=""
                         name="result"
                         ordinal="0"></ResultType>
                        <ParameterDefinitions></ParameterDefinitions>
                    </ServiceDefinition>
                    <ServiceDefinition
                     aspect.isAsync="false"
                     category=""
                     description=""
                     isAllowOverride="false"
                     isLocalOnly="false"
                     isOpen="false"
                     isPrivate="false"
                     name="Merge_OHGPSD_D001_V1">
                        <ResultType
                         baseType="NUMBER"
                         description=""
                         name="result"
                         ordinal="0"></ResultType>
                        <ParameterDefinitions></ParameterDefinitions>
                    </ServiceDefinition>
                    <ServiceDefinition
                     aspect.isAsync="false"
                     category=""
                     description=""
                     isAllowOverride="false"
                     isLocalOnly="false"
                     isOpen="false"
                     isPrivate="false"
                     name="Merge_OHGPSD_D002_V1">
                        <ResultType
                         baseType="NUMBER"
                         description=""
                         name="result"
                         ordinal="0"></ResultType>
                        <ParameterDefinitions></ParameterDefinitions>
                    </ServiceDefinition>
                    <ServiceDefinition
                     aspect.isAsync="false"
                     category=""
                     description=""
                     isAllowOverride="false"
                     isLocalOnly="false"
                     isOpen="false"
                     isPrivate="false"
                     name="Merge_OHGPSD_D003_V1">
                        <ResultType
                         baseType="NUMBER"
                         description=""
                         name="result"
                         ordinal="0"></ResultType>
                        <ParameterDefinitions></ParameterDefinitions>
                    </ServiceDefinition>
                    <ServiceDefinition
                     aspect.isAsync="false"
                     category=""
                     description=""
                     isAllowOverride="false"
                     isLocalOnly="false"
                     isOpen="false"
                     isPrivate="false"
                     name="Merge_OHGPSD_D004_V1">
                        <ResultType
                         baseType="NUMBER"
                         description=""
                         name="result"
                         ordinal="0"></ResultType>
                        <ParameterDefinitions></ParameterDefinitions>
                    </ServiceDefinition>
                    <ServiceDefinition
                     aspect.isAsync="false"
                     category=""
                     description=""
                     isAllowOverride="false"
                     isLocalOnly="false"
                     isOpen="false"
                     isPrivate="false"
                     name="Merge_OHGPSD_D005_V1">
                        <ResultType
                         baseType="NUMBER"
                         description=""
                         name="result"
                         ordinal="0"></ResultType>
                        <ParameterDefinitions></ParameterDefinitions>
                    </ServiceDefinition>
                    <ServiceDefinition
                     aspect.isAsync="false"
                     category=""
                     description=""
                     isAllowOverride="false"
                     isLocalOnly="false"
                     isOpen="false"
                     isPrivate="false"
                     name="Merge_OHGPSD_D006_V1">
                        <ResultType
                         baseType="NUMBER"
                         description=""
                         name="result"
                         ordinal="0"></ResultType>
                        <ParameterDefinitions></ParameterDefinitions>
                    </ServiceDefinition>
                    <ServiceDefinition
                     aspect.isAsync="false"
                     category=""
                     description=""
                     isAllowOverride="false"
                     isLocalOnly="false"
                     isOpen="false"
                     isPrivate="false"
                     name="Merge_OHGPSD_D007_V1">
                        <ResultType
                         baseType="NUMBER"
                         description=""
                         name="result"
                         ordinal="0"></ResultType>
                        <ParameterDefinitions></ParameterDefinitions>
                    </ServiceDefinition>
                    <ServiceDefinition
                     aspect.isAsync="false"
                     category=""
                     description=""
                     isAllowOverride="false"
                     isLocalOnly="false"
                     isOpen="false"
                     isPrivate="false"
                     name="Merge_OHGPSD_D007_Extended_V1">
                        <ResultType
                         baseType="NUMBER"
                         description=""
                         name="result"
                         ordinal="0"></ResultType>
                        <ParameterDefinitions>
                            <FieldDefinition
                             baseType="STRING"
                             description=""
                             name="CALMONTH"
                             ordinal="1"></FieldDefinition>
                            <FieldDefinition
                             baseType="NUMBER"
                             description=""
                             name="planned_workers_in_sap"
                             ordinal="3"></FieldDefinition>
                            <FieldDefinition
                             baseType="STRING"
                             description=""
                             name="TPLANT"
                             ordinal="2"></FieldDefinition>
                        </ParameterDefinitions>
                    </ServiceDefinition>
                    <ServiceDefinition
                     aspect.isAsync="false"
                     category=""
                     description=""
                     isAllowOverride="false"
                     isLocalOnly="false"
                     isOpen="false"
                     isPrivate="false"
                     name="Merge_OHGPSD_D009_V1">
                        <ResultType
                         baseType="NUMBER"
                         description=""
                         name="result"
                         ordinal="0"></ResultType>
                        <ParameterDefinitions></ParameterDefinitions>
                    </ServiceDefinition>
                    <ServiceDefinition
                     aspect.isAsync="false"
                     category=""
                     description=""
                     isAllowOverride="false"
                     isLocalOnly="false"
                     isOpen="false"
                     isPrivate="false"
                     name="Merge_OHGPSD_OEE_V1">
                        <ResultType
                         baseType="NUMBER"
                         description=""
                         name="result"
                         ordinal="0"></ResultType>
                        <ParameterDefinitions>
                            <FieldDefinition
                             baseType="STRING"
                             description=""
                             name="CALMONTH"
                             ordinal="1"></FieldDefinition>
                            <FieldDefinition
                             baseType="NUMBER"
                             description=""
                             name="oee_kpi_value"
                             ordinal="3"></FieldDefinition>
                            <FieldDefinition
                             baseType="STRING"
                             description=""
                             name="TPLANT"
                             ordinal="2"></FieldDefinition>
                        </ParameterDefinitions>
                    </ServiceDefinition>
                    <ServiceDefinition
                     aspect.isAsync="false"
                     category=""
                     description=""
                     isAllowOverride="false"
                     isLocalOnly="false"
                     isOpen="false"
                     isPrivate="false"
                     name="Merge_OHGPSD_SFP_V1">
                        <ResultType
                         baseType="NUMBER"
                         description=""
                         name="result"
                         ordinal="0"></ResultType>
                        <ParameterDefinitions></ParameterDefinitions>
                    </ServiceDefinition>
                    <ServiceDefinition
                     aspect.isAsync="false"
                     category=""
                     description=""
                     isAllowOverride="false"
                     isLocalOnly="false"
                     isOpen="false"
                     isPrivate="false"
                     name="Merge_OHTPMD_D001_V1">
                        <ResultType
                         baseType="NUMBER"
                         description=""
                         name="result"
                         ordinal="0"></ResultType>
                        <ParameterDefinitions></ParameterDefinitions>
                    </ServiceDefinition>
                    <ServiceDefinition
                     aspect.isAsync="false"
                     category=""
                     description=""
                     isAllowOverride="false"
                     isLocalOnly="false"
                     isOpen="false"
                     isPrivate="false"
                     name="Merge_OHTPMD_D002_V1">
                        <ResultType
                         baseType="NUMBER"
                         description=""
                         name="result"
                         ordinal="0"></ResultType>
                        <ParameterDefinitions></ParameterDefinitions>
                    </ServiceDefinition>
                </ServiceDefinitions>
                <EventDefinitions></EventDefinitions>
                <ServiceMappings></ServiceMappings>
                <ServiceImplementations>
                    <ServiceImplementation
                     description=""
                     handlerName="Script"
                     name="Handle_all">
                        <ConfigurationTables>
                            <ConfigurationTable
                             dataShapeName=""
                             description=""
                             isMultiRow="false"
                             name="Script"
                             ordinal="0">
                                <DataShape>
                                    <FieldDefinitions>
                                        <FieldDefinition
                                         baseType="STRING"
                                         description="code"
                                         name="code"
                                         ordinal="0"></FieldDefinition>
                                    </FieldDefinitions>
                                </DataShape>
                                <Rows>
                                    <Row>
                                        <code>
                                        <![CDATA[
                                        if (Resources["KBThingWorxServerSystem"].GetLocationIdentifier() == "MUC" && Resources["KBThingWorxServerSystem"].GetStagingIdentifier() == "PROD") {
                                            me.Merge_OHTPMD_D001_V1();
                                            me.Merge_OHTPMD_D002_V1();
                                            me.Merge_OHGPSD_D001_V1();
                                            me.Merge_OHGPSD_D002_V1();
                                            me.Merge_OHGPSD_D003_V1();
                                            me.Merge_OHGPSD_D004_V1();
                                            me.Merge_OHGPSD_D005_V1();
                                            me.Merge_OHGPSD_D006_V1();
                                            me.Merge_OHGPSD_D007_V1();
                                            me.Merge_OHGPSD_D009_V1();
                                            me.Merge_OHGPSD_SFP_V1();
                                        }
                                        ]]>
                                        </code>
                                    </Row>
                                </Rows>
                            </ConfigurationTable>
                        </ConfigurationTables>
                    </ServiceImplementation>
                    <ServiceImplementation
                     description=""
                     handlerName="SQLCommand"
                     name="Merge_OHGPSD_D001_V1">
                        <ConfigurationTables>
                            <ConfigurationTable
                             dataShapeName=""
                             description="SQLCommand"
                             isMultiRow="false"
                             name="Query"
                             ordinal="0">
                                <DataShape>
                                    <FieldDefinitions>
                                        <FieldDefinition
                                         baseType="NUMBER"
                                         description="maxItems"
                                         name="maxItems"
                                         ordinal="0"></FieldDefinition>
                                        <FieldDefinition
                                         baseType="STRING"
                                         description="sql"
                                         name="sql"
                                         ordinal="0"></FieldDefinition>
                                        <FieldDefinition
                                         baseType="NUMBER"
                                         description="timeout"
                                         name="timeout"
                                         ordinal="0"></FieldDefinition>
                                    </FieldDefinitions>
                                </DataShape>
                                <Rows>
                                    <Row>
                                        <maxItems>9.9999999E7</maxItems>
                                        <sql>
                                        <![CDATA[
                                        exec Merge_OHGPSD_D001;
                                        ]]>
                                        </sql>
                                        <timeout>600.0</timeout>
                                    </Row>
                                </Rows>
                            </ConfigurationTable>
                        </ConfigurationTables>
                    </ServiceImplementation>
                    <ServiceImplementation
                     description=""
                     handlerName="SQLCommand"
                     name="Merge_OHGPSD_D002_V1">
                        <ConfigurationTables>
                            <ConfigurationTable
                             dataShapeName=""
                             description="SQLCommand"
                             isMultiRow="false"
                             name="Query"
                             ordinal="0">
                                <DataShape>
                                    <FieldDefinitions>
                                        <FieldDefinition
                                         baseType="NUMBER"
                                         description="maxItems"
                                         name="maxItems"
                                         ordinal="0"></FieldDefinition>
                                        <FieldDefinition
                                         baseType="STRING"
                                         description="sql"
                                         name="sql"
                                         ordinal="0"></FieldDefinition>
                                        <FieldDefinition
                                         baseType="NUMBER"
                                         description="timeout"
                                         name="timeout"
                                         ordinal="0"></FieldDefinition>
                                    </FieldDefinitions>
                                </DataShape>
                                <Rows>
                                    <Row>
                                        <maxItems>9.9999999E7</maxItems>
                                        <sql>
                                        <![CDATA[
                                        exec Merge_OHGPSD_D002;
                                        ]]>
                                        </sql>
                                        <timeout>600.0</timeout>
                                    </Row>
                                </Rows>
                            </ConfigurationTable>
                        </ConfigurationTables>
                    </ServiceImplementation>
                    <ServiceImplementation
                     description=""
                     handlerName="SQLCommand"
                     name="Merge_OHGPSD_D003_V1">
                        <ConfigurationTables>
                            <ConfigurationTable
                             dataShapeName=""
                             description="SQLCommand"
                             isMultiRow="false"
                             name="Query"
                             ordinal="0">
                                <DataShape>
                                    <FieldDefinitions>
                                        <FieldDefinition
                                         baseType="NUMBER"
                                         description="maxItems"
                                         name="maxItems"
                                         ordinal="0"></FieldDefinition>
                                        <FieldDefinition
                                         baseType="STRING"
                                         description="sql"
                                         name="sql"
                                         ordinal="0"></FieldDefinition>
                                        <FieldDefinition
                                         baseType="NUMBER"
                                         description="timeout"
                                         name="timeout"
                                         ordinal="0"></FieldDefinition>
                                    </FieldDefinitions>
                                </DataShape>
                                <Rows>
                                    <Row>
                                        <maxItems>9.9999999E7</maxItems>
                                        <sql>
                                        <![CDATA[
                                        exec Merge_OHGPSD_D003;
                                        ]]>
                                        </sql>
                                        <timeout>600.0</timeout>
                                    </Row>
                                </Rows>
                            </ConfigurationTable>
                        </ConfigurationTables>
                    </ServiceImplementation>
                    <ServiceImplementation
                     description=""
                     handlerName="SQLCommand"
                     name="Merge_OHGPSD_D004_V1">
                        <ConfigurationTables>
                            <ConfigurationTable
                             dataShapeName=""
                             description="SQLCommand"
                             isMultiRow="false"
                             name="Query"
                             ordinal="0">
                                <DataShape>
                                    <FieldDefinitions>
                                        <FieldDefinition
                                         baseType="NUMBER"
                                         description="maxItems"
                                         name="maxItems"
                                         ordinal="0"></FieldDefinition>
                                        <FieldDefinition
                                         baseType="STRING"
                                         description="sql"
                                         name="sql"
                                         ordinal="0"></FieldDefinition>
                                        <FieldDefinition
                                         baseType="NUMBER"
                                         description="timeout"
                                         name="timeout"
                                         ordinal="0"></FieldDefinition>
                                    </FieldDefinitions>
                                </DataShape>
                                <Rows>
                                    <Row>
                                        <maxItems>9.9999999E7</maxItems>
                                        <sql>
                                        <![CDATA[
                                        exec Merge_OHGPSD_D004;
                                        ]]>
                                        </sql>
                                        <timeout>600.0</timeout>
                                    </Row>
                                </Rows>
                            </ConfigurationTable>
                        </ConfigurationTables>
                    </ServiceImplementation>
                    <ServiceImplementation
                     description=""
                     handlerName="SQLCommand"
                     name="Merge_OHGPSD_D005_V1">
                        <ConfigurationTables>
                            <ConfigurationTable
                             dataShapeName=""
                             description="SQLCommand"
                             isMultiRow="false"
                             name="Query"
                             ordinal="0">
                                <DataShape>
                                    <FieldDefinitions>
                                        <FieldDefinition
                                         baseType="NUMBER"
                                         description="maxItems"
                                         name="maxItems"
                                         ordinal="0"></FieldDefinition>
                                        <FieldDefinition
                                         baseType="STRING"
                                         description="sql"
                                         name="sql"
                                         ordinal="0"></FieldDefinition>
                                        <FieldDefinition
                                         baseType="NUMBER"
                                         description="timeout"
                                         name="timeout"
                                         ordinal="0"></FieldDefinition>
                                    </FieldDefinitions>
                                </DataShape>
                                <Rows>
                                    <Row>
                                        <maxItems>9.9999999E7</maxItems>
                                        <sql>
                                        <![CDATA[
                                        exec Merge_OHGPSD_D005;
                                        ]]>
                                        </sql>
                                        <timeout>600.0</timeout>
                                    </Row>
                                </Rows>
                            </ConfigurationTable>
                        </ConfigurationTables>
                    </ServiceImplementation>
                    <ServiceImplementation
                     description=""
                     handlerName="SQLCommand"
                     name="Merge_OHGPSD_D006_V1">
                        <ConfigurationTables>
                            <ConfigurationTable
                             dataShapeName=""
                             description="SQLCommand"
                             isMultiRow="false"
                             name="Query"
                             ordinal="0">
                                <DataShape>
                                    <FieldDefinitions>
                                        <FieldDefinition
                                         baseType="NUMBER"
                                         description="maxItems"
                                         name="maxItems"
                                         ordinal="0"></FieldDefinition>
                                        <FieldDefinition
                                         baseType="STRING"
                                         description="sql"
                                         name="sql"
                                         ordinal="0"></FieldDefinition>
                                        <FieldDefinition
                                         baseType="NUMBER"
                                         description="timeout"
                                         name="timeout"
                                         ordinal="0"></FieldDefinition>
                                    </FieldDefinitions>
                                </DataShape>
                                <Rows>
                                    <Row>
                                        <maxItems>9.9999999E7</maxItems>
                                        <sql>
                                        <![CDATA[
                                        exec Merge_OHGPSD_D006;
                                        ]]>
                                        </sql>
                                        <timeout>600.0</timeout>
                                    </Row>
                                </Rows>
                            </ConfigurationTable>
                        </ConfigurationTables>
                    </ServiceImplementation>
                    <ServiceImplementation
                     description=""
                     handlerName="SQLCommand"
                     name="Merge_OHGPSD_D007_V1">
                        <ConfigurationTables>
                            <ConfigurationTable
                             dataShapeName=""
                             description="SQLCommand"
                             isMultiRow="false"
                             name="Query"
                             ordinal="0">
                                <DataShape>
                                    <FieldDefinitions>
                                        <FieldDefinition
                                         baseType="NUMBER"
                                         description="maxItems"
                                         name="maxItems"
                                         ordinal="0"></FieldDefinition>
                                        <FieldDefinition
                                         baseType="STRING"
                                         description="sql"
                                         name="sql"
                                         ordinal="0"></FieldDefinition>
                                        <FieldDefinition
                                         baseType="NUMBER"
                                         description="timeout"
                                         name="timeout"
                                         ordinal="0"></FieldDefinition>
                                    </FieldDefinitions>
                                </DataShape>
                                <Rows>
                                    <Row>
                                        <maxItems>9.9999999E7</maxItems>
                                        <sql>
                                        <![CDATA[
                                        exec Merge_OHGPSD_D007;
                                        ]]>
                                        </sql>
                                        <timeout>600.0</timeout>
                                    </Row>
                                </Rows>
                            </ConfigurationTable>
                        </ConfigurationTables>
                    </ServiceImplementation>
                    <ServiceImplementation
                     description=""
                     handlerName="SQLCommand"
                     name="Merge_OHGPSD_D007_Extended_V1">
                        <ConfigurationTables>
                            <ConfigurationTable
                             dataShapeName=""
                             description="SQLCommand"
                             isMultiRow="false"
                             name="Query"
                             ordinal="0">
                                <DataShape>
                                    <FieldDefinitions>
                                        <FieldDefinition
                                         baseType="NUMBER"
                                         description="maxItems"
                                         name="maxItems"
                                         ordinal="0"></FieldDefinition>
                                        <FieldDefinition
                                         baseType="STRING"
                                         description="sql"
                                         name="sql"
                                         ordinal="0"></FieldDefinition>
                                        <FieldDefinition
                                         baseType="NUMBER"
                                         description="timeout"
                                         name="timeout"
                                         ordinal="0"></FieldDefinition>
                                    </FieldDefinitions>
                                </DataShape>
                                <Rows>
                                    <Row>
                                        <maxItems>500.0</maxItems>
                                        <sql>
                                        <![CDATA[
                                        merge into CVS_BW_PSC_D007_DLP3_EXTENDED 
                                        using 
                                        	(select [[CALMONTH]] as CALMONTH,
                                            		
                                            		[[TPLANT]] as TPLANT,
                                            		[[planned_workers_in_sap]] as planned_workers_in_sap
                                            		) 
                                                    as source
                                        on CVS_BW_PSC_D007_DLP3_EXTENDED.YEAR_MONTH = source.CALMONTH
                                        and CVS_BW_PSC_D007_DLP3_EXTENDED.PLANT = source.TPLANT
                                        
                                        when matched then
                                          update  
                                        	set planned_workers_in_sap = [[planned_workers_in_sap]]
                                        		
                                        when not matched then	
                                        	insert   
                                        	(	YEAR_MONTH      
                                              ,PLANT
                                              ,planned_workers_in_sap
                                              )
                                        	values ([[CALMONTH]],[[TPLANT]],[[planned_workers_in_sap]]);
                                        ]]>
                                        </sql>
                                        <timeout>60.0</timeout>
                                    </Row>
                                </Rows>
                            </ConfigurationTable>
                        </ConfigurationTables>
                    </ServiceImplementation>
                    <ServiceImplementation
                     description=""
                     handlerName="SQLCommand"
                     name="Merge_OHGPSD_D009_V1">
                        <ConfigurationTables>
                            <ConfigurationTable
                             dataShapeName=""
                             description="SQLCommand"
                             isMultiRow="false"
                             name="Query"
                             ordinal="0">
                                <DataShape>
                                    <FieldDefinitions>
                                        <FieldDefinition
                                         baseType="NUMBER"
                                         description="maxItems"
                                         name="maxItems"
                                         ordinal="0"></FieldDefinition>
                                        <FieldDefinition
                                         baseType="STRING"
                                         description="sql"
                                         name="sql"
                                         ordinal="0"></FieldDefinition>
                                        <FieldDefinition
                                         baseType="NUMBER"
                                         description="timeout"
                                         name="timeout"
                                         ordinal="0"></FieldDefinition>
                                    </FieldDefinitions>
                                </DataShape>
                                <Rows>
                                    <Row>
                                        <maxItems>9.9999999E7</maxItems>
                                        <sql>
                                        <![CDATA[
                                        exec Merge_OHGPSD_D009;
                                        ]]>
                                        </sql>
                                        <timeout>600.0</timeout>
                                    </Row>
                                </Rows>
                            </ConfigurationTable>
                        </ConfigurationTables>
                    </ServiceImplementation>
                    <ServiceImplementation
                     description=""
                     handlerName="SQLCommand"
                     name="Merge_OHGPSD_OEE_V1">
                        <ConfigurationTables>
                            <ConfigurationTable
                             dataShapeName=""
                             description="SQLCommand"
                             isMultiRow="false"
                             name="Query"
                             ordinal="0">
                                <DataShape>
                                    <FieldDefinitions>
                                        <FieldDefinition
                                         baseType="NUMBER"
                                         description="maxItems"
                                         name="maxItems"
                                         ordinal="0"></FieldDefinition>
                                        <FieldDefinition
                                         baseType="STRING"
                                         description="sql"
                                         name="sql"
                                         ordinal="0"></FieldDefinition>
                                        <FieldDefinition
                                         baseType="NUMBER"
                                         description="timeout"
                                         name="timeout"
                                         ordinal="0"></FieldDefinition>
                                    </FieldDefinitions>
                                </DataShape>
                                <Rows>
                                    <Row>
                                        <maxItems>500.0</maxItems>
                                        <sql>
                                        <![CDATA[
                                        merge into CVS_BW_PSC_OEE
                                        using 
                                        	(select [[CALMONTH]] as CALMONTH,
                                            		
                                            		[[TPLANT]] as TPLANT,
                                            		[[oee_kpi_value]] as oee_kpi_value
                                            		) 
                                                    as source
                                        on CVS_BW_PSC_OEE.YEAR_MONTH = source.CALMONTH
                                        and CVS_BW_PSC_OEE.PLANT = source.TPLANT
                                        
                                        when matched then
                                          update  
                                        	set oee_kpi_value = [[oee_kpi_value]] , insertion_type='Auto'
                                        		
                                        when not matched then	
                                        	insert   
                                        	(	YEAR_MONTH      
                                              ,PLANT
                                              ,oee_kpi_value
                                              ,insertion_type
                                              )
                                        	values ([[CALMONTH]],[[TPLANT]],[[oee_kpi_value]],'Auto');
                                        ]]>
                                        </sql>
                                        <timeout>60.0</timeout>
                                    </Row>
                                </Rows>
                            </ConfigurationTable>
                        </ConfigurationTables>
                    </ServiceImplementation>
                    <ServiceImplementation
                     description=""
                     handlerName="SQLCommand"
                     name="Merge_OHGPSD_SFP_V1">
                        <ConfigurationTables>
                            <ConfigurationTable
                             dataShapeName=""
                             description="SQLCommand"
                             isMultiRow="false"
                             name="Query"
                             ordinal="0">
                                <DataShape>
                                    <FieldDefinitions>
                                        <FieldDefinition
                                         baseType="NUMBER"
                                         description="maxItems"
                                         name="maxItems"
                                         ordinal="0"></FieldDefinition>
                                        <FieldDefinition
                                         baseType="STRING"
                                         description="sql"
                                         name="sql"
                                         ordinal="0"></FieldDefinition>
                                        <FieldDefinition
                                         baseType="NUMBER"
                                         description="timeout"
                                         name="timeout"
                                         ordinal="0"></FieldDefinition>
                                    </FieldDefinitions>
                                </DataShape>
                                <Rows>
                                    <Row>
                                        <maxItems>500.0</maxItems>
                                        <sql>
                                        <![CDATA[
                                        exec Merge_OHGPSD_SFP;
                                        ]]>
                                        </sql>
                                        <timeout>60.0</timeout>
                                    </Row>
                                </Rows>
                            </ConfigurationTable>
                        </ConfigurationTables>
                    </ServiceImplementation>
                    <ServiceImplementation
                     description=""
                     handlerName="SQLCommand"
                     name="Merge_OHTPMD_D001_V1">
                        <ConfigurationTables>
                            <ConfigurationTable
                             dataShapeName=""
                             description="SQLCommand"
                             isMultiRow="false"
                             name="Query"
                             ordinal="0">
                                <DataShape>
                                    <FieldDefinitions>
                                        <FieldDefinition
                                         baseType="NUMBER"
                                         description="maxItems"
                                         name="maxItems"
                                         ordinal="0"></FieldDefinition>
                                        <FieldDefinition
                                         baseType="STRING"
                                         description="sql"
                                         name="sql"
                                         ordinal="0"></FieldDefinition>
                                        <FieldDefinition
                                         baseType="NUMBER"
                                         description="timeout"
                                         name="timeout"
                                         ordinal="0"></FieldDefinition>
                                    </FieldDefinitions>
                                </DataShape>
                                <Rows>
                                    <Row>
                                        <maxItems>9.9999999E7</maxItems>
                                        <sql>
                                        <![CDATA[
                                        exec Merge_OHTPMD_D001;
                                        ]]>
                                        </sql>
                                        <timeout>600.0</timeout>
                                    </Row>
                                </Rows>
                            </ConfigurationTable>
                        </ConfigurationTables>
                    </ServiceImplementation>
                    <ServiceImplementation
                     description=""
                     handlerName="SQLCommand"
                     name="Merge_OHTPMD_D002_V1">
                        <ConfigurationTables>
                            <ConfigurationTable
                             dataShapeName=""
                             description="SQLCommand"
                             isMultiRow="false"
                             name="Query"
                             ordinal="0">
                                <DataShape>
                                    <FieldDefinitions>
                                        <FieldDefinition
                                         baseType="NUMBER"
                                         description="maxItems"
                                         name="maxItems"
                                         ordinal="0"></FieldDefinition>
                                        <FieldDefinition
                                         baseType="STRING"
                                         description="sql"
                                         name="sql"
                                         ordinal="0"></FieldDefinition>
                                        <FieldDefinition
                                         baseType="NUMBER"
                                         description="timeout"
                                         name="timeout"
                                         ordinal="0"></FieldDefinition>
                                    </FieldDefinitions>
                                </DataShape>
                                <Rows>
                                    <Row>
                                        <maxItems>9.9999999E7</maxItems>
                                        <sql>
                                        <![CDATA[
                                        exec Merge_OHTPMD_D002;
                                        ]]>
                                        </sql>
                                        <timeout>600.0</timeout>
                                    </Row>
                                </Rows>
                            </ConfigurationTable>
                        </ConfigurationTables>
                    </ServiceImplementation>
                </ServiceImplementations>
                <Subscriptions></Subscriptions>
            </ThingShape>
            <ImplementedShapes></ImplementedShapes>
            <SharedConfigurationTables></SharedConfigurationTables>
            <InstanceDesignTimePermissions>
                <Create></Create>
                <Read></Read>
                <Update></Update>
                <Delete></Delete>
                <Metadata></Metadata>
            </InstanceDesignTimePermissions>
            <InstanceRunTimePermissions></InstanceRunTimePermissions>
            <InstanceVisibilityPermissions>
                <Visibility></Visibility>
            </InstanceVisibilityPermissions>
        </ThingTemplate>
    </ThingTemplates>
</Entities>
