<?xml version="1.0" encoding="UTF-8" standalone="no"?>
<Entities build="b97" majorVersion="8" minorVersion="4"
	modelPersistenceProviderPackage="MssqlPersistenceProviderPackage"
	revision="11" schemaVersion="1044" universal="">
	<Things>
		<Thing description="" documentationContent=""
			effectiveThingPackage="KBsapConfigConnectorPackage" enabled="true"
			homeMashup="" identifier=""
			lastModifiedDate="2021-04-08T16:43:39.024+02:00"
			name="KBsapConfigConnectorThing" projectName="TWX-Ext-KBsapConnector" published="false"
			tags="" thingTemplate="KBsapConfigConnectorTemplate" valueStream="KBsapConfigConnectorValueStream">
			<Owner name="adm-flassakm" type="User" />
			<avatar />
			<DesignTimePermissions>
				<Create />
				<Read />
				<Update />
				<Delete />
				<Metadata />
			</DesignTimePermissions>
			<RunTimePermissions>
				<Permissions resourceName="*">
					<PropertyRead>
						<Principal isPermitted="true"
							name="KBTestBenchFileRepositoryUser" type="User" />
					</PropertyRead>
					<PropertyWrite>
						<Principal isPermitted="true"
							name="KBTestBenchFileRepositoryUser" type="User" />
					</PropertyWrite>
					<ServiceInvoke>
						<Principal isPermitted="true"
							name="KBTestBenchFileRepositoryUser" type="User" />
					</ServiceInvoke>
					<EventInvoke />
					<EventSubscribe />
				</Permissions>
			</RunTimePermissions>
			<VisibilityPermissions>
				<Visibility>
					<Principal isPermitted="true" name="KBBackGroundWorker"
						type="Organization" />
				</Visibility>
			</VisibilityPermissions>
			<ConfigurationTableDefinitions />
			<ConfigurationTables />
			<ThingShape>
				<PropertyDefinitions />
				<ServiceDefinitions>
					<ServiceDefinition aspect.isAsync="false"
						category="" description="" isAllowOverride="false"
						isLocalOnly="false" isOpen="false" isPrivate="false"
						name="MoveFilesToSAP">
						<ResultType baseType="NOTHING" description=""
							name="result" ordinal="0" />
						<ParameterDefinitions />
					</ServiceDefinition>
					<ServiceDefinition aspect.isAsync="false"
						category="" description="" isAllowOverride="false"
						isLocalOnly="false" isOpen="false" isPrivate="false"
						name="MoveFileToSAP">
						<ResultType baseType="NOTHING" description=""
							name="result" ordinal="0" />
					<ParameterDefinitions>
						<FieldDefinition
							aspect.isRequired="true" baseType="STRING" description=""
							name="fileName" ordinal="1" />
					</ParameterDefinitions>
					</ServiceDefinition>
				</ServiceDefinitions>
				<EventDefinitions />
				<ServiceMappings />
				<ServiceImplementations>
					<ServiceImplementation description=""
						handlerName="Script" name="MoveFileToSAP">
						<ConfigurationTables>
							<ConfigurationTable description=""
								isMultiRow="false" name="Script" ordinal="0">
								<DataShape>
									<FieldDefinitions>
										<FieldDefinition baseType="STRING"
											description="code" name="code" ordinal="0" />
									</FieldDefinitions>
								</DataShape>
								<Rows>
									<Row>
										<code><![CDATA[try{
    me.LastExportStart = new Date();

    // Content: BLOB
    var Content =  Things["KBTestBenchFileRepository"].LoadBinary({
        path: fileName /* STRING */
    });
    
    var kBsapConfigConnectorConfigurationTable = me.GetConfigurationTable({
		tableName: "KBsapConfigConnectorConfigurationTable" /* STRING */
	});

	var targetUrl = kBsapConfigConnectorConfigurationTable[0].TargetUrl;
	var deleteFilesAfterExport = kBsapConfigConnectorConfigurationTable[0].DeleteFilesAfterExport;
    
    // Result: BOOLEAN
    var Result =  me.SMB_Write_Binary({
        content: Content /* STRING */,
        url: targetUrl+fileName.replace("/","").replace(/__p__/g,"%") /* STRING */
    });
    if (deleteFilesAfterExport) {
        Things["KBTestBenchFileRepository"].DeleteFile({
            path: fileName /* STRING */
        });
        try {
            if (deleteFilesAfterExport) {
                Things["KBTestBenchFileRepository"].DeleteFile({
                    path: fileName.replace(/.pdf/g,".xml") /* STRING */
                });
            }
        } catch (err) {}
    }

    me.LastExportEnd = new Date();
    me.ExportStatus = "OK";
} catch (err) {
    me.ExportStatus = "err";
    throw err;
}
]]></code>
									</Row>
								</Rows>
							</ConfigurationTable>
						</ConfigurationTables>
					</ServiceImplementation>
					<ServiceImplementation description=""
						handlerName="Script" name="MoveFilesToSAP">
						<ConfigurationTables>
							<ConfigurationTable description=""
								isMultiRow="false" name="Script" ordinal="0">
								<DataShape>
									<FieldDefinitions>
										<FieldDefinition baseType="STRING"
											description="code" name="code" ordinal="0" />
									</FieldDefinitions>
								</DataShape>
								<Rows>
									<Row>
										<code><![CDATA[try{
    me.LastExportStart = new Date();

    // result: INFOTABLE dataShape: "FileSystemFile"
    var files =  Things["KBTestBenchFileRepository"].ListFiles({
        path: "/" /* STRING */,
        nameMask: "*.pdf" /* STRING */
    });

    var tableLength = files.rows.length;
    for (var x=0; x < tableLength; x++) {
        var row = files.rows[x];
        //Your code here
        if (row.fileType == "F") {
        	me.MoveFileToSAP({fileName: row.path});
        }
    }

    me.LastExportEnd = new Date();
    me.ExportStatus = "OK";
} catch (err) {
    me.ExportStatus = "err";
    throw err;
}
]]></code>
									</Row>
								</Rows>
							</ConfigurationTable>
						</ConfigurationTables>
					</ServiceImplementation>
				</ServiceImplementations>
				<Subscriptions>
				</Subscriptions>
			</ThingShape>
			<PropertyBindings />
			<RemotePropertyBindings />
			<RemoteServiceBindings />
			<RemoteEventBindings />
			<AlertConfigurations />
			<ImplementedShapes />
		</Thing>
	</Things>
</Entities>