<?xml version="1.0" encoding="UTF-8"?>
<Entities
 build="b628"
 majorVersion="9"
 minorVersion="0"
 modelPersistenceProviderPackage="MssqlPersistenceProviderPackage"
 revision="10"
 schemaVersion="1109"
 universal="password">
    <Things>
        <Thing
         description=""
         documentationContent=""
         effectiveThingPackage="SAPServerPackage"
         enabled="true"
         homeMashup=""
         identifier=""
         inheritedValueStream=""
         lastModifiedDate="2022-02-09T13:39:59.145Z"
         name="KBTruckSAPServer"
         projectName="TWX-Ext-KBsapConnector"
         published="false"
         tags="KBThingWorxInstallationVocabulary:ExtensionSAPConnector"
         thingTemplate="SAPServer"
         valueStream="KBTruckSAPServerValueStream">
            <avatar></avatar>
            <DesignTimePermissions>
                <Create></Create>
                <Read></Read>
                <Update></Update>
                <Delete></Delete>
                <Metadata></Metadata>
            </DesignTimePermissions>
            <RunTimePermissions>
                <Permissions
                 resourceName="SAP2ThingWorx">
                    <PropertyRead></PropertyRead>
                    <PropertyWrite></PropertyWrite>
                    <ServiceInvoke>
                        <Principal
                         isPermitted="true"
                         name="KBSAPServiceUser"
                         type="User"></Principal>
                    </ServiceInvoke>
                    <EventInvoke></EventInvoke>
                    <EventSubscribe></EventSubscribe>
                </Permissions>
                <Permissions
                 resourceName="*">
                    <PropertyRead>
                        <Principal
                         isPermitted="true"
                         name="KBSAPServiceUser"
                         type="User"></Principal>
                    </PropertyRead>
                    <PropertyWrite></PropertyWrite>
                    <ServiceInvoke></ServiceInvoke>
                    <EventInvoke></EventInvoke>
                    <EventSubscribe></EventSubscribe>
                </Permissions>
            </RunTimePermissions>
            <VisibilityPermissions>
                <Visibility>
                    <Principal
                     isPermitted="true"
                     name="KBSAPServiceOrganization"
                     type="Organization"></Principal>
                </Visibility>
            </VisibilityPermissions>
            <ConfigurationTableDefinitions></ConfigurationTableDefinitions>
            <ConfigurationTables>
                <ConfigurationTable
                 dataShapeName=""
                 description="SAP server configuration"
                 isMultiRow="false"
                 name="SAPConfiguration"
                 ordinal="0">
                    <DataShape>
                        <FieldDefinitions>
                            <FieldDefinition
                             baseType="PASSWORD"
                             description="Password for accessing SAP APO"
                             name="Password_APO_ShiftCalendar"
                             ordinal="0"></FieldDefinition>
                            <FieldDefinition
                             baseType="PASSWORD"
                             description="Password for accessing SAP PM"
                             name="Password_PM"
                             ordinal="0"></FieldDefinition>
                            <FieldDefinition
                             baseType="PASSWORD"
                             description="Password for accessing SAP PM MD"
                             name="Password_PM_MD"
                             ordinal="0"></FieldDefinition>
                            <FieldDefinition
                             baseType="PASSWORD"
                             description="Password for accessing SAP APO"
                             name="Password_POI_Confirmation"
                             ordinal="0"></FieldDefinition>
                            <FieldDefinition
                             baseType="PASSWORD"
                             description="Password for accessing SAP APO"
                             name="Password_SAP_Components_Check"
                             ordinal="0"></FieldDefinition>
                            <FieldDefinition
                             baseType="PASSWORD"
                             description="Password for accessing SAP"
                             name="Password_SAP_Testprotocol_Upload"
                             ordinal="0"></FieldDefinition>
                            <FieldDefinition
                             baseType="PASSWORD"
                             description="Password for accessing SAP APO"
                             name="Password_SAP_Components_Status"
                             ordinal="0"></FieldDefinition>
                            <FieldDefinition
                             baseType="PASSWORD"
                             description="Password for accessing SAP APO"
                             name="Password_SAP_Create_Configuration"
                             ordinal="0"></FieldDefinition>
                            <FieldDefinition
                             baseType="PASSWORD"
                             description="Password for Sernr Update In Prod Order"
                             name="Password_SAP_SernrUpdateInProdOrder"
                             ordinal="0"></FieldDefinition>
                            <FieldDefinition
                             aspect.defaultValue="dont_change_to_get_from_global_settings"
                             baseType="STRING"
                             description="Full URL to access PI for APO shift calenar"
                             name="URL_APO_ShiftCalendar"
                             ordinal="0"></FieldDefinition>
                            <FieldDefinition
                             aspect.defaultValue="dont_change_to_get_from_global_settings"
                             baseType="STRING"
                             description="Full URL to access PM sending Notification (TWX --&gt; SAP only)"
                             name="URL_PM"
                             ordinal="0"></FieldDefinition>
                            <FieldDefinition
                             aspect.defaultValue="dont_change_to_get_from_global_settings"
                             baseType="STRING"
                             description="Full URL to access PM Master Data (TWX --&gt; SAP only)"
                             name="URL_PM_MD"
                             ordinal="0"></FieldDefinition>
                            <FieldDefinition
                             aspect.defaultValue="dont_change_to_get_from_global_settings"
                             baseType="STRING"
                             description="Full URL to access PI for Confirmation (TWX --&gt; SAP only)"
                             name="URL_POI_Confirmation"
                             ordinal="0"></FieldDefinition>
                            <FieldDefinition
                             aspect.defaultValue="dont_change_to_get_from_global_settings"
                             baseType="STRING"
                             description="Full URL to access PI for Confirmation Check (TWX --&gt; SAP only)"
                             name="URL_SAP_Components_Check"
                             ordinal="0"></FieldDefinition>
                            <FieldDefinition
                             aspect.defaultValue="dont_change_to_get_from_global_settings"
                             baseType="STRING"
                             description="Full URL to access SAP for TESTPROTOCOL UPLOAD (TWX --&gt; SAP only)"
                             name="URL_SAP_Testprotocol_Upload"
                             ordinal="0"></FieldDefinition>
                            <FieldDefinition
                             aspect.defaultValue="dont_change_to_get_from_global_settings"
                             baseType="STRING"
                             description="Full URL to access PI for Confirmation Status (TWX --&gt; SAP only)"
                             name="URL_SAP_Components_Status"
                             ordinal="0"></FieldDefinition>
                            <FieldDefinition
                             aspect.defaultValue="dont_change_to_get_from_global_settings"
                             baseType="STRING"
                             description="Full URL to access PI for Confirmation Check (TWX --&gt; SAP only)"
                             name="URL_SAP_Create_Configuration"
                             ordinal="0"></FieldDefinition>
                            <FieldDefinition
                             aspect.defaultValue="dont_change_to_get_from_global_settings"
                             baseType="STRING"
                             description="Full URL to access"
                             name="URL_SAP_SernrUpdateInProdOrder"
                             ordinal="0"></FieldDefinition>
                            <FieldDefinition
                             aspect.defaultValue="dont_change_to_get_from_global_settings"
                             baseType="STRING"
                             description="User name for accessing SAP APO"
                             name="Username_APO_ShiftCalendar"
                             ordinal="0"></FieldDefinition>
                            <FieldDefinition
                             aspect.defaultValue="dont_change_to_get_from_global_settings"
                             baseType="STRING"
                             description="User name for accessing SAP PM"
                             name="Username_PM"
                             ordinal="0"></FieldDefinition>
                            <FieldDefinition
                             aspect.defaultValue="dont_change_to_get_from_global_settings"
                             baseType="STRING"
                             description="User name for accessing SAP PM MD"
                             name="Username_PM_MD"
                             ordinal="0"></FieldDefinition>
                            <FieldDefinition
                             aspect.defaultValue="dont_change_to_get_from_global_settings"
                             baseType="STRING"
                             description="User name for accessing SAP APO"
                             name="Username_POI_Confirmation"
                             ordinal="0"></FieldDefinition>
                            <FieldDefinition
                             aspect.defaultValue="dont_change_to_get_from_global_settings"
                             baseType="STRING"
                             description="User name for accessing SAP APO"
                             name="Username_SAP_Components_Check"
                             ordinal="0"></FieldDefinition>
                            <FieldDefinition
                             aspect.defaultValue="dont_change_to_get_from_global_settings"
                             baseType="STRING"
                             description="User name for accessing SAP APO"
                             name="Username_SAP_Testprotocol_Upload"
                             ordinal="0"></FieldDefinition>
                            <FieldDefinition
                             aspect.defaultValue="dont_change_to_get_from_global_settings"
                             baseType="STRING"
                             description="User name for accessing SAP APO"
                             name="Username_SAP_Components_Status"
                             ordinal="0"></FieldDefinition>
                            <FieldDefinition
                             aspect.defaultValue="dont_change_to_get_from_global_settings"
                             baseType="STRING"
                             description="User name for accessing SAP APO"
                             name="Username_SAP_Create_Configuration"
                             ordinal="0"></FieldDefinition>
                            <FieldDefinition
                             aspect.defaultValue="dont_change_to_get_from_global_settings"
                             baseType="STRING"
                             description="User name for Sernr Update In Prod Order"
                             name="Username_SAP_SernrUpdateInProdOrder"
                             ordinal="0"></FieldDefinition>
                        </FieldDefinitions>
                    </DataShape>
                    <Rows>
                    </Rows>
                </ConfigurationTable>
            </ConfigurationTables>
            <ThingShape>
                <PropertyDefinitions></PropertyDefinitions>
                <ServiceDefinitions></ServiceDefinitions>
                <EventDefinitions></EventDefinitions>
                <ServiceMappings></ServiceMappings>
                <ServiceImplementations></ServiceImplementations>
                <Subscriptions></Subscriptions>
            </ThingShape>
            <PropertyBindings></PropertyBindings>
            <RemotePropertyBindings></RemotePropertyBindings>
            <RemoteServiceBindings></RemoteServiceBindings>
            <RemoteEventBindings></RemoteEventBindings>
            <AlertConfigurations></AlertConfigurations>
            <ImplementedShapes>
                <ImplementedShape
                 name="KBSAPPMClientShape"
                 type="ThingShape"></ImplementedShape>
                <ImplementedShape
                 name="KBSAPAPOClientShape"
                 type="ThingShape"></ImplementedShape>
                <ImplementedShape
                 name="KBSAPPOIClientShape"
                 type="ThingShape"></ImplementedShape>
            </ImplementedShapes>
            <ThingProperties>
            </ThingProperties>
        </Thing>
    </Things>
</Entities>
