<?xml version="1.0" encoding="UTF-8" standalone="no"?>
<Entities build="b52" majorVersion="8" minorVersion="0"
	modelPersistenceProviderPackage="MssqlPersistenceProviderPackage"
	revision="3" schemaVersion="1000">
	<ThingShapes>
		<ThingShape className="" description=""
	documentationContent="" homeMashup="" lastModifiedDate="2017-11-09T09:06:48.966+01:00"
	name="KBSAPAPOClientShape" projectName="TWX-Ext-KBsapConnector"
	tags="KBThingWorxInstallationVocabulary:ExtensionSAPConnector">
			<PropertyDefinitions>
			</PropertyDefinitions>
			<ServiceDefinitions>
					<ServiceDefinition aspect.isAsync="false"
						category="" description="" isAllowOverride="false" isLocalOnly="false"
						isOpen="false" isPrivate="false" name="AddPlannedWorkingTime">
						<ResultType baseType="NOTHING" description="" name="result"
							ordinal="0" />
						<ParameterDefinitions>
							<FieldDefinition baseType="STRING" description=""
								name="plant" ordinal="1" />
						</ParameterDefinitions>
					</ServiceDefinition>
					<ServiceDefinition aspect.isAsync="false"
						category="" description="" isAllowOverride="false" isLocalOnly="false"
						isOpen="false" isPrivate="false" name="AddPlannedWorkingTimeAllPlants">
						<ResultType baseType="NOTHING" description="" name="result"
							ordinal="0" />
						<ParameterDefinitions />
					</ServiceDefinition>
					<ServiceDefinition aspect.isAsync="false"
						category="" description="" isAllowOverride="false" isLocalOnly="false"
						isOpen="false" isPrivate="false" name="AddPlannedWorkingTimePerInterval">
						<ResultType baseType="NOTHING" description="" name="result"
							ordinal="0" />
						<ParameterDefinitions>
							<FieldDefinition baseType="DATETIME" description=""
								name="enddate" ordinal="2" />
							<FieldDefinition baseType="STRING" description=""
								name="plant" ordinal="1" />
							<FieldDefinition baseType="DATETIME" description=""
								name="startdate" ordinal="3" />
						</ParameterDefinitions>
					</ServiceDefinition>
			</ServiceDefinitions>
			<EventDefinitions />
			<ServiceMappings />
			<ServiceImplementations>
					<ServiceImplementation description=""
						handlerName="Script" name="AddPlannedWorkingTime">
						<ConfigurationTables>
							<ConfigurationTable description="Script"
								isMultiRow="false" name="Script" ordinal="0">
								<DataShape>
									<FieldDefinitions>
										<FieldDefinition baseType="STRING"
											description="code" name="code" ordinal="0" />
									</FieldDefinitions>
								</DataShape>
								<Rows>
									<Row>
										<code><![CDATA[

logger.debug(me.name+"/AddPlannedWorkingTime: Starting");											


// dateValue:DATETIME
var dateValue = new Date();

// dateAddDays(dateValue:DATETIME,amount:NUMBER):STRING
var calculatedDateValueStart = dateValue;
var calculatedDateValueEnd = dateAddDays(dateValue, 6);



var params = {
	plant: plant /* STRING */,
	enddate: calculatedDateValueEnd /* DATETIME */,
	startdate: calculatedDateValueStart /* DATETIME */
};

me.AddPlannedWorkingTimePerInterval(params);

]]></code>
									</Row>
								</Rows>
							</ConfigurationTable>
						</ConfigurationTables>
					</ServiceImplementation>
					<ServiceImplementation description=""
						handlerName="Script" name="AddPlannedWorkingTimeAllPlants">
						<ConfigurationTables>
							<ConfigurationTable description="Script"
								isMultiRow="false" name="Script" ordinal="0">
								<DataShape>
									<FieldDefinitions>
										<FieldDefinition baseType="STRING"
											description="code" name="code" ordinal="0" />
									</FieldDefinitions>
								</DataShape>
								<Rows>
									<Row>
										<code><![CDATA[

logger.debug(me.name+"/AddPlannedWorkingTimeAllPlants: Starting");											

// result: INFOTABLE dataShape: RootEntityList
var plants = ThingTemplates["KBLocalPlantThingTemplate"].GetImplementingThingsWithData();

for (var i = 0; i < plants.getRowCount(); i++) {
    logger.warn("KBTruckSAPServer/AddPlannedWorkingTimeAllPlants: Adding Planned Working Time from SAP for plant " + plants.getRow(i).name);

    var params = {
        plant: Things[plants.getRow(i).name].SAPPlantId /* STRING */
    };

	logger.debug(me.name+"/AddPlannedWorkingTimeAllPlants (KBLocalPlantThingTemplate): "+Things[plants.getRow(i).name].SAPPlantId);											
	logger.debug(me.name+"/AddPlannedWorkingTimeAllPlants (KBLocalPlantThingTemplate): "+Things[plants.getRow(i).name].getShiftCalendarFromSAP);											
	logger.debug(me.name+"/AddPlannedWorkingTimeAllPlants (KBLocalPlantThingTemplate): "+Things[plants.getRow(i).name].KBDivisionThing);											


	if (Things[plants.getRow(i).name].SAPPlantId != "" && Things[plants.getRow(i).name].getShiftCalendarFromSAP) {
		if ((Things[plants.getRow(i).name].KBDivisionThing == "KBTruckDivisionThing" && me.name == "KBTruckSAPServer") ||
		   (Things[plants.getRow(i).name].KBDivisionThing == "KBRailDivisionThing"   && me.name == "KBRailSAPServer")) {
		    // no return
		    logger.warn(me.name + ": Updating shift calendar for plant " + plants.getRow(i).name);
		    me.AddPlannedWorkingTime(params);
		}
	}	
}

// result: INFOTABLE dataShape: RootEntityList
var plants = ThingTemplates["KBGlobalPlantThingTemplate"].GetImplementingThingsWithData();

for (var i = 0; i < plants.getRowCount(); i++) {
    logger.warn("KBTruckSAPServer/AddPlannedWorkingTimeAllPlants: Adding Planned Working Time from SAP for plant " + plants.getRow(i).name);

    var params = {
        plant: Things[plants.getRow(i).name].SAPPlantId /* STRING */
    };

	logger.debug(me.name+"/AddPlannedWorkingTimeAllPlants (KBGlobalPlantThingTemplate): "+Things[plants.getRow(i).name].SAPPlantId);											
	logger.debug(me.name+"/AddPlannedWorkingTimeAllPlants (KBGlobalPlantThingTemplate): "+Things[plants.getRow(i).name].getShiftCalendarFromSAP);											
	logger.debug(me.name+"/AddPlannedWorkingTimeAllPlants (KBGlobalPlantThingTemplate): "+Things[plants.getRow(i).name].KBDivisionThing);											

	if (Things[plants.getRow(i).name].SAPPlantId != "" && Things[plants.getRow(i).name].getShiftCalendarFromSAP) {
		if ((Things[plants.getRow(i).name].KBDivisionThing == "KBTruckDevisionThing" && me.name == "KBTruckSAPServer") ||
		   (Things[plants.getRow(i).name].KBDivisionThing == "KBRailDevisionThing"   && me.name == "KBRailSAPServer")) {
		    // no return
		    logger.warn(me.name + ": Updating shift calendar for plant " + plants.getRow(i).name);
		    me.AddPlannedWorkingTime(params);
		}
	}	
}
logger.debug(me.name+"/AddPlannedWorkingTimeAllPlants: Exiting");											

]]></code>
									</Row>
								</Rows>
							</ConfigurationTable>
						</ConfigurationTables>
					</ServiceImplementation>
					<ServiceImplementation description=""
						handlerName="Script" name="AddPlannedWorkingTimePerInterval">
						<ConfigurationTables>
							<ConfigurationTable description="Script"
								isMultiRow="false" name="Script" ordinal="0">
								<DataShape>
									<FieldDefinitions>
										<FieldDefinition baseType="STRING"
											description="code" name="code" ordinal="0" />
									</FieldDefinitions>
								</DataShape>
								<Rows>
									<Row>
										<code><![CDATA[
										try {
	logger.debug(me.name + "/AddPlannedWorkingTimePerInterval: Starting");

	if (startdate <= enddate) {
		var startdate1 = new Date(startdate);

		startdate1.setHours(12);
		startdate1.setMinutes(0);
		startdate1.setSeconds(0);
		startdate1.setMilliseconds(0);

		enddate.setHours(12);
		enddate.setMinutes(0);
		enddate.setSeconds(0);
		enddate.setMilliseconds(0);

		var enddate1 = startdate1;
		var DBConnection = Resources["KBThingWorxServerSystem"].GetSAPThingWorxDatabaseThing();
		var DBKPI = Resources["KBThingWorxServerSystem"].GetKPIThingWorxDatabaseThing();
		logger.debug(me.name + "/AddPlannedWorkingTimePerInterval: DBConnection " + DBConnection);
		logger.debug(me.name + "/AddPlannedWorkingTimePerInterval: Startdate " + startdate);
		logger.debug(me.name + "/AddPlannedWorkingTimePerInterval: Enddate " + enddate);
		logger.debug(me.name + "/AddPlannedWorkingTimePerInterval: Plant " + plant);
		//logger.error(me.name + "/ condition:: Enddate1 " + enddate1 + " Enddate " + enddate);
		while (enddate1 <= enddate) {
			logger.debug(me.name + "/AddPlannedWorkingTimePerInterval: Startdate1 " + startdate1);
			logger.debug(me.name + "/AddPlannedWorkingTimePerInterval: Enddate1 " + enddate1);
			var params = {
				infoTableName: "InfoTable",
				dataShapeName: "KBSAPPlannedWorkingTimeDataShape"
			};
			var KBSAPPlannedWorkingTimeData = Resources["InfoTableFunctions"].CreateInfoTableFromDataShape(params);

			var params1 = {
				plant: plant /* STRING */ ,
				dateTo: enddate1 /* DATETIME */ ,
				dateFrom: startdate1 /* DATETIME */ ,
				version: undefined /* STRING */ ,
			};

			KBSAPPlannedWorkingTimeData = me.GetPlannedWorkingTime(params1);

			var timezone;
			if (plant == "3916") {
				timezone = "America/Chicago";
			} else if (plant == "3761") {
				timezone = "Asia/Kolkata";
			} else if (plant == "3131" || plant == "313A") {
				timezone = "America/Matamoros";
			} else {
				timezone = Things["KBTimeHelperThing"].ServerTimeZone;
			}
			var offset1 = Resources["KBThingWorxServerSystem"].GetTimeZoneOffsetInMinutesWithDate({
				timeZoneId: timezone /* STRING */ ,
				dateTime: startdate1
			});
			var newStartDateTime = dateAddMinutes(startdate1, -offset1);
			var newEndDateTime = dateAddHours(newStartDateTime, +12);
			newEndDateTime = dateAddMinutes(newEndDateTime, -1);
			newStartDateTime = dateAddHours(newStartDateTime, -12);

			logger.debug(me.name + "/AddPlannedWorkingTimePerInterval: Startdate for Delete " + newStartDateTime);
			logger.debug(me.name + "/AddPlannedWorkingTimePerInterval: Enddate for Delete " + newEndDateTime);
			//			 logger.error(me.name+"/test: final for deletion, newStartDateTime: " +newStartDateTime+" , newEndDateTime: "+ newEndDateTime);	
			var params3 = {
				startDate: newStartDateTime /* DATETIME */ ,
				endDate: newEndDateTime /* DATETIME */ ,
				plant: plant /* STRING */
			};

			try {

				// result: NUMBER
				logger.debug(me.name + "/AddPlannedWorkingTimePerInterval: DeleteShiftDatasFromDataTable --> " + Things[DBConnection].DeleteShiftDatasFromDataTable(params3));
			} catch (err) {
				logger.error("KBTruckSAPServer/AddPlannedWorkingTimePerInterval: DeleteShiftDatasFromDataTable: " + err + " at: " + err.LineNumber);
			}

			var params4 = {
				KBSAPPlannedWorkingTimeDataShape: KBSAPPlannedWorkingTimeData /* InfoTable */
			};

			logger.debug(me.name + "/AddPlannedWorkingTimePerInterval: AddShiftDatasToDataTable --> " + Things[DBConnection].AddShiftDatasToDataTable(params4));

			startdate1 = dateAddDays(startdate1, 1);
			enddate1 = dateAddDays(enddate1, 1);
		}
		logger.debug(me.name + "/AddPlannedWorkingTimePerInterval: Exiting");

	}
} catch (err) {
	logger.error("KBTruckSAPServer/AddPlannedWorkingTimePerInterval: DeleteShiftDatasFromDataTable: " + err + ' at: ' + err.LineNumber);
}									

]]></code>
									</Row>
								</Rows>
							</ConfigurationTable>
						</ConfigurationTables>
					</ServiceImplementation>
			</ServiceImplementations>
			<Subscriptions />
			<Owner name="adm-flassakm" type="User" />
			<avatar />
			<DesignTimePermissions>
				<Create />
				<Read />
				<Update />
				<Delete />
				<Metadata />
			</DesignTimePermissions>
			<RunTimePermissions />
			<VisibilityPermissions>
				<Visibility />
			</VisibilityPermissions>
			<ConfigurationTables />
			<ConfigurationChanges>
				<ConfigurationChange changeAction="CREATE"
					changeReason="header : name : updated, projectName : updated, tags : updated&#10;documentation : updated&#10;"
					timestamp="2017-11-09T08:47:38.229+01:00" user="adm-flassakm" />
			</ConfigurationChanges>
			<PropertyBindings />
			<RemotePropertyBindings />
			<RemoteServiceBindings />
			<RemoteEventBindings />
			<AlertConfigurations />
			<InstanceRunTimePermissions />
		</ThingShape>
	</ThingShapes>
</Entities>