<?xml version="1.0" encoding="UTF-8" standalone="no"?>
<Entities build="b52" majorVersion="8" minorVersion="0"
	modelPersistenceProviderPackage="MssqlPersistenceProviderPackage"
	revision="3" schemaVersion="1000">
	<DataShapes>
		<DataShape baseDataShape="" description=""
			documentationContent="" homeMashup="" lastModifiedDate="2017-10-23T11:46:57.860+02:00"
			name="KBSAPTimePerPartDataShape" projectName="TWX-Ext-KBsapConnector"
			tags="KBThingWorxInstallationVocabulary:ExtensionSAPConnector">
			<Owner name="adm-flassakm" type="User" />
			<avatar />
			<DesignTimePermissions>
				<Create />
				<Read />
				<Update />
				<Delete />
				<Metadata />
			</DesignTimePermissions>
			<RunTimePermissions />
			<VisibilityPermissions>
				<Visibility />
			</VisibilityPermissions>
			<ConfigurationTables />
			<FieldDefinitions>
				<FieldDefinition aspect.isPrimaryKey="true"
					baseType="STRING" description="" name="orderId" ordinal="3" />
				<FieldDefinition baseType="NUMBER" description=""
					name="timePerPart" ordinal="19" />
				<FieldDefinition baseType="STRING" description=""
					name="timeUnit" ordinal="20" />
			</FieldDefinitions>
			<ConfigurationChanges>
				<ConfigurationChange changeAction="CREATE"
					changeReason="header : name : updated, tags : updated&#10;"
					timestamp="2017-10-23T11:45:39.829+02:00" user="adm-flassakm" />
				<ConfigurationChange changeAction="MODIFY"
					changeReason="fields : pk : removed, workCenter : removed, plant : removed, lotSize : removed, lotSizeUnit : removed, confirmationNo : removed, confirmationCounter : removed, createdOn : removed, createdAt : removed, createdTimestamp : removed, yield : removed, scrap : removed, rework : removed, confQuanUnit : removed, sequence : removed, operation : removed, routingNo : removed, routingCounter : removed, orderId : Updated&#10;"
					timestamp="2017-10-23T11:46:57.860+02:00" user="adm-flassakm" />
			</ConfigurationChanges>
		</DataShape>
	</DataShapes>
</Entities>