<?xml version="1.0" encoding="UTF-8"?>
<Entities
 majorVersion="9"
 minorVersion="3"
 universal="password">
    <Things>
        <Thing
         description=""
         documentationContent=""
         effectiveThingPackage="ConfiguredThing"
         enabled="true"
         homeMashup=""
         identifier=""
         inheritedValueStream=""
         name="KBSAPConfirmationTest"
         projectName="PTCDefaultProject"
         published="false"
         tags=""
         thingTemplate="GenericThing"
         valueStream="">
            <avatar></avatar>
            <DesignTimePermissions>
                <Create></Create>
                <Read>
                    <Principal
                     isPermitted="true"
                     name="KBSAPTesterUserGroup"
                     type="Group"></Principal>
                </Read>
                <Update>
                    <Principal
                     isPermitted="false"
                     name="KBSAPTesterUserGroup"
                     type="Group"></Principal>
                </Update>
                <Delete>
                    <Principal
                     isPermitted="false"
                     name="KBSAPTesterUserGroup"
                     type="Group"></Principal>
                </Delete>
                <Metadata></Metadata>
            </DesignTimePermissions>
            <RunTimePermissions>
                <Permissions
                 resourceName="*">
                    <PropertyRead>
                        <Principal
                         isPermitted="true"
                         name="KBSAPTesterUserGroup"
                         type="Group"></Principal>
                    </PropertyRead>
                    <PropertyWrite></PropertyWrite>
                    <ServiceInvoke>
                        <Principal
                         isPermitted="true"
                         name="KBSAPTesterUserGroup"
                         type="Group"></Principal>
                    </ServiceInvoke>
                    <EventInvoke></EventInvoke>
                    <EventSubscribe></EventSubscribe>
                </Permissions>
            </RunTimePermissions>
            <VisibilityPermissions>
                <Visibility>
                    <Principal
                     isPermitted="true"
                     name="KBOrganization"
                     type="Organization"></Principal>
                </Visibility>
            </VisibilityPermissions>
            <ConfigurationTableDefinitions></ConfigurationTableDefinitions>
            <ConfigurationTables></ConfigurationTables>
            <ThingShape>
                <PropertyDefinitions></PropertyDefinitions>
                <ServiceDefinitions>
                    <ServiceDefinition
                     aspect.isAsync="false"
                     category=""
                     description=""
                     isAllowOverride="false"
                     isLocalOnly="false"
                     isOpen="false"
                     isPrivate="false"
                     name="test_cvs_confirmation_to_SAPQuality">
                        <ResultType
                         baseType="STRING"
                         description=""
                         name="result"
                         ordinal="0"></ResultType>
                        <ParameterDefinitions>
                            <FieldDefinition
                             aspect.defaultValue="0"
                             aspect.isRequired="true"
                             baseType="INTEGER"
                             description=""
                             name="nokParts"
                             ordinal="3"></FieldDefinition>
                            <FieldDefinition
                             aspect.defaultValue="0"
                             aspect.isRequired="true"
                             baseType="INTEGER"
                             description=""
                             name="okParts"
                             ordinal="2"></FieldDefinition>
                            <FieldDefinition
                             aspect.defaultValue="10"
                             aspect.isRequired="true"
                             baseType="STRING"
                             description="SAP operation number"
                             name="operation"
                             ordinal="5"></FieldDefinition>
                            <FieldDefinition
                             aspect.defaultValue="37502477"
                             aspect.isRequired="true"
                             baseType="STRING"
                             description="SAP order number"
                             name="order"
                             ordinal="4"></FieldDefinition>
                            <FieldDefinition
                             aspect.defaultValue="313A"
                             aspect.isRequired="true"
                             baseType="STRING"
                             description="SAP plant Id"
                             name="plant"
                             ordinal="1"></FieldDefinition>
                        </ParameterDefinitions>
                    </ServiceDefinition>
                    <ServiceDefinition
                     aspect.isAsync="false"
                     category=""
                     description=""
                     isAllowOverride="false"
                     isLocalOnly="false"
                     isOpen="false"
                     isPrivate="false"
                     name="test_rvs_confirmation_to_SAPQuality">
                        <ResultType
                         baseType="STRING"
                         description=""
                         name="result"
                         ordinal="0"></ResultType>
                        <ParameterDefinitions>
                            <FieldDefinition
                             aspect.defaultValue="0"
                             aspect.isRequired="true"
                             baseType="INTEGER"
                             description=""
                             name="nokParts"
                             ordinal="3"></FieldDefinition>
                            <FieldDefinition
                             aspect.defaultValue="0"
                             aspect.isRequired="true"
                             baseType="INTEGER"
                             description=""
                             name="okParts"
                             ordinal="2"></FieldDefinition>
                            <FieldDefinition
                             aspect.defaultValue="10"
                             aspect.isRequired="true"
                             baseType="STRING"
                             description="SAP operation nuber"
                             name="operation"
                             ordinal="5"></FieldDefinition>
                            <FieldDefinition
                             aspect.defaultValue="1234"
                             aspect.isRequired="true"
                             baseType="STRING"
                             description="SAP order number"
                             name="order"
                             ordinal="4"></FieldDefinition>
                            <FieldDefinition
                             aspect.defaultValue="1234"
                             aspect.isRequired="true"
                             baseType="STRING"
                             description="SAP person number"
                             name="persNo"
                             ordinal="6"></FieldDefinition>
                            <FieldDefinition
                             aspect.defaultValue="123"
                             aspect.isRequired="true"
                             baseType="STRING"
                             description="SAP plant id"
                             name="plant"
                             ordinal="1"></FieldDefinition>
                        </ParameterDefinitions>
                    </ServiceDefinition>
                </ServiceDefinitions>
                <EventDefinitions></EventDefinitions>
                <ServiceMappings></ServiceMappings>
                <ServiceImplementations>
                    <ServiceImplementation
                     description=""
                     handlerName="Script"
                     name="test_cvs_confirmation_to_SAPQuality">
                        <ConfigurationTables>
                            <ConfigurationTable
                             dataShapeName=""
                             description=""
                             isMultiRow="false"
                             name="Script"
                             ordinal="0">
                                <DataShape>
                                    <FieldDefinitions>
                                        <FieldDefinition
                                         baseType="STRING"
                                         description="code"
                                         name="code"
                                         ordinal="0"></FieldDefinition>
                                    </FieldDefinitions>
                                </DataShape>
                                <Rows>
                                    <Row>
                                        <code>
                                        <![CDATA[
                                        var fullOrder = "000000000000"+order;
                                        var fullOperation = "0000"+operation;
                                        fullOrder = fullOrder.substring(fullOrder.length-12,fullOrder.length);
                                        fullOperation = fullOperation.substring(fullOperation.length-4,fullOperation.length);
                                        var header = {"Content-Type":"text/xml", "Accept":"text/xml"};
                                        var XMLString = "<soapenv:Envelope xmlns:soapenv=\"http://schemas.xmlsoap.org/soap/envelope/\" " ;
                                        XMLString += "xmlns:urn=\"urn:sap-com:document:sap:rfc:functions\">" ;
                                        XMLString += "<soapenv:Header/>" ;
                                        XMLString += "<soapenv:Body>";
                                        XMLString += "<ns0:YYP_BAPI_PRODORDCONF_CREATE_TT xmlns:ns0=\"urn:sap-com:document:sap:rfc:functions\">";
                                        XMLString += "<DETAIL_RETURN>" ;
                                        XMLString += "<item>";
                                        XMLString += "<TYPE/>" ;
                                        XMLString += "<ID/>" ;
                                        XMLString += "<NUMBER/>" ;
                                        XMLString += "<MESSAGE/>";
                                        XMLString += "<LOG_NO/>" ;
                                        XMLString += "<LOG_MSG_NO/>" ;
                                        XMLString += "<MESSAGE_V1/>" ;
                                        XMLString += "<MESSAGE_V2/>" ;
                                        XMLString += "<MESSAGE_V3/>" ;
                                        XMLString += "<MESSAGE_V4/>" ;
                                        XMLString += "<PARAMETER/>";
                                        XMLString += "<ROW/>";
                                        XMLString += "<FIELD/>";
                                        XMLString += "<SYSTEM/>" ;
                                        XMLString += "<FLG_LOCKED/>" ;
                                        XMLString += "<CONF_NO/>";
                                        XMLString += "<CONF_CNT/>" ;
                                        XMLString += "</item>" ;
                                        XMLString += "</DETAIL_RETURN>";
                                        XMLString += "<TIMETICKETS>" ;
                                        XMLString += "<item>";
                                        XMLString += "<CONF_NO/>";
                                        XMLString += "<ORDERID>"+fullOrder+"</ORDERID>" ;
                                        XMLString += "<SEQUENCE></SEQUENCE>" ;
                                        XMLString += "<OPERATION>"+fullOperation+"</OPERATION>" ;
                                        XMLString += "<SUB_OPER/>" ;
                                        XMLString += "<CAPA_CATEGORY/>";
                                        XMLString += "<SPLIT/>";
                                        XMLString += "<FIN_CONF/>" ;
                                        XMLString += "<CLEAR_RES/>";
                                        XMLString += "<POSTG_DATE/>" ;
                                        XMLString += "<DEV_REASON/>" ;
                                        XMLString += "<CONF_TEXT/>";
                                        XMLString += "<PLANT>"+plant+"</PLANT>";
                                        XMLString += "<WORK_CNTR/>";
                                        XMLString += "<RECORDTYPE/>" ;
                                        XMLString += "<CONF_QUAN_UNIT/>" ;
                                        XMLString += "<CONF_QUAN_UNIT_ISO/>" ;
                                        XMLString += "<YIELD>"+okParts+".000</YIELD>";
                                        XMLString += "<SCRAP>"+nokParts+".000</SCRAP>";
                                        XMLString += "<REWORK/>" ;
                                        XMLString += "<CONF_ACTI_UNIT1/>";
                                        XMLString += "<CONF_ACTI_UNIT1_ISO/>";
                                        XMLString += "<CONF_ACTIVITY1/>" ;
                                        XMLString += "<NO_REMN_ACTI1/>";
                                        XMLString += "<CONF_ACTI_UNIT2/>";
                                        XMLString += "<CONF_ACTI_UNIT2_ISO/>";
                                        XMLString += "<CONF_ACTIVITY2/>" ;
                                        XMLString += "<NO_REMN_ACTI2/>";
                                        XMLString += "<CONF_ACTIVITY3/>" ;
                                        XMLString += "<CONF_ACTI_UNIT3/>";
                                        XMLString += "<CONF_ACTI_UNIT3_ISO/>";
                                        
                                        
                                        XMLString += "<NO_REMN_ACTI3/>";
                                        XMLString += "<CONF_ACTI_UNIT4/>";
                                        XMLString += "<CONF_ACTI_UNIT4_ISO/>";
                                        XMLString += "<CONF_ACTIVITY4/>" ;
                                        XMLString += "<NO_REMN_ACTI4/>";
                                        XMLString += "<CONF_ACTI_UNIT5/>";
                                        XMLString += "<CONF_ACTI_UNIT5_ISO/>";
                                        XMLString += "<CONF_ACTIVITY5/>" ;
                                        XMLString += "<NO_REMN_ACTI5/>";
                                        XMLString += "<CONF_ACTI_UNIT6/>";
                                        XMLString += "<CONF_ACTI_UNIT6_ISO/>";
                                        XMLString += "<CONF_ACTIVITY6/>" ;
                                        XMLString += "<NO_REMN_ACTI6/>";
                                        XMLString += "<CONF_BUS_PROC_UNIT1/>";
                                        XMLString += "<CONF_BUS_PROC_UNIT1_ISO/>";
                                        XMLString += "<CONF_BUS_PROC1/>" ;
                                        XMLString += "<NO_REMN_BUS_PROC1/>";
                                        XMLString += "<EXEC_START_DATE/>";
                                        XMLString += "<EXEC_START_TIME/>";
                                        XMLString += "<SETUP_FIN_DATE/>" ;
                                        XMLString += "<SETUP_FIN_TIME/>" ;
                                        XMLString += "<PROC_START_DATE/>";
                                        XMLString += "<PROC_START_TIME/>";
                                        XMLString += "<PROC_FIN_DATE/>";
                                        XMLString += "<PROC_FIN_TIME/>";
                                        XMLString += "<TEARDOWN_START_DATE/>";
                                        XMLString += "<TEARDOWN_START_TIME/>";
                                        XMLString += "<EXEC_FIN_DATE/>";
                                        XMLString += "<EXEC_FIN_TIME/>";
                                        XMLString += "<FCST_FIN_DATE/>";
                                        XMLString += "<FCST_FIN_TIME/>";
                                        XMLString += "<STD_UNIT1/>";
                                        XMLString += "<STD_UNIT1_ISO/>";
                                        XMLString += "<FORCAST_STD_VAL1/>" ;
                                        XMLString += "<STD_UNIT2/>";
                                        XMLString += "<STD_UNIT2_ISO/>";
                                        XMLString += "<FORCAST_STD_VAL2/>" ;
                                        XMLString += "<STD_UNIT3/>";
                                        XMLString += "<STD_UNIT3_ISO/>";
                                        XMLString += "<FORCAST_STD_VAL3/>" ;
                                        XMLString += "<STD_UNIT4/>";
                                        XMLString += "<STD_UNIT4_ISO/>";
                                        XMLString += "<FORCAST_STD_VAL4/>" ;
                                        XMLString += "<STD_UNIT5/>";
                                        XMLString += "<STD_UNIT5_ISO/>";
                                        XMLString += "<FORCAST_STD_VAL5/>" ;
                                        XMLString += "<STD_UNIT6/>";
                                        XMLString += "<STD_UNIT6_ISO/>";
                                        XMLString += "<FORCAST_STD_VAL6/>" ;
                                        XMLString += "<FORCAST_BUS_PROC_UNIT1/>" ;
                                        XMLString += "<FORC_BUS_PROC_UNIT1_ISO/>";
                                        XMLString += "<FORCAST_BUS_PROC_VAL1/>";
                                        XMLString += "<PERS_NO></PERS_NO>";
                                        XMLString += "<TIMEID_NO/>";
                                        XMLString += "<WAGETYPE/>" ;
                                        XMLString += "<SUITABILITY/>";
                                        XMLString += "<NO_OF_EMPLOYEE/>" ;
                                        XMLString += "<WAGEGROUP/>";
                                        XMLString += "<BREAK_UNIT/>" ;
                                        XMLString += "<BREAK_UNIT_ISO/>" ;
                                        XMLString += "<BREAK_TIME/>" ;
                                        XMLString += "<EX_CREATED_BY/>";
                                        XMLString += "<EX_CREATED_DATE/>";
                                        XMLString += "<EX_CREATED_TIME/>";
                                        XMLString += "<TARGET_ACTI1/>" ;
                                        XMLString += "<TARGET_ACTI2/>" ;
                                        XMLString += "<TARGET_ACTI3/>" ;
                                        XMLString += "<TARGET_ACTI4/>" ;
                                        XMLString += "<TARGET_ACTI5/>" ;
                                        XMLString += "<TARGET_ACTI6/>" ;
                                        XMLString += "<TARGET_BUS_PROC1/>" ;
                                        XMLString += "<EX_IDENT/>" ;
                                        XMLString += "<LOGDATE/>";
                                        XMLString += "<LOGTIME/>";
                                        XMLString += "<WIP_BATCH/>";
                                        XMLString += "<VENDRBATCH/>" ;
                                        XMLString += "</item>" ;
                                        XMLString += "</TIMETICKETS>";
                                        XMLString += "</ns0:YYP_BAPI_PRODORDCONF_CREATE_TT>";
                                        XMLString += "</soapenv:Body>" ;
                                        XMLString += "</soapenv:Envelope>";
                                        
                                        var XMLcontent = new XML (XMLString);
                                        
                                        			        var params = {
                                        			            proxyScheme: undefined /* STRING */,
                                        			            headers: header /* JSON */,
                                        			            ignoreSSLErrors: true /* BOOLEAN */,
                                        			            useNTLM: undefined /* BOOLEAN */,
                                        			            workstation: undefined /* STRING */,
                                        			            useProxy: undefined /* BOOLEAN */,
                                        			            withCookies: undefined /* BOOLEAN */,
                                        			            proxyHost: undefined /* STRING */,
                                        			            url: "http://podjv000.corp.knorr-bremse.com:50200/XISOAPAdapter/MessageServlet?senderParty=&senderService=BS_3RD_THINGWORX_D&receiverParty=&receiverService=&interface=YYP_BAPI_PRODORDCONF_CREATE_TT&interfaceNamespace=urn:sap-com:document:sap:rfc:functions" /* STRING */,
                                        			            content: XMLcontent /* XML */,
                                        			            timeout: undefined /* NUMBER */,
                                        			            proxyPort: undefined /* INTEGER */,
                                        			            password: "VNx6gwy3oSr9R" /* STRING */,
                                        			            domain: undefined /* STRING */,
                                        			            username: "SYS_THGWX" /* STRING */
                                        			        };
                                        			
                                        			        // result: XML
                                        			        var XMLresult = Resources["ContentLoaderFunctions"].PostXML(params);
                                        			
                                        			        var Response = XMLresult.*::Body.*;
                                        			        var MESSAGE = Response.*::DETAIL_RETURN.*::item.*::MESSAGE;
                                        			        var CONF_CNT = Response.*::DETAIL_RETURN.*::item.*::CONF_CNT;
                                        			        var CONF_NO = Response.*::DETAIL_RETURN.*::item.*::CONF_NO;
                                        			        var SYSTEM = Response.*::DETAIL_RETURN.*::item.*::SYSTEM;
                                        			        //var result = String(MESSAGE) + " (" + String(CONF_CNT) + " Parts confirmed, Confirmation Number: "+CONF_NO+", System: "+SYSTEM+".) " + String(Response);
                                        					var result = String(Response);
                                        ]]>
                                        </code>
                                    </Row>
                                </Rows>
                            </ConfigurationTable>
                        </ConfigurationTables>
                    </ServiceImplementation>
                    <ServiceImplementation
                     description=""
                     handlerName="Script"
                     name="test_rvs_confirmation_to_SAPQuality">
                        <ConfigurationTables>
                            <ConfigurationTable
                             dataShapeName=""
                             description=""
                             isMultiRow="false"
                             name="Script"
                             ordinal="0">
                                <DataShape>
                                    <FieldDefinitions>
                                        <FieldDefinition
                                         baseType="STRING"
                                         description="code"
                                         name="code"
                                         ordinal="0"></FieldDefinition>
                                    </FieldDefinitions>
                                </DataShape>
                                <Rows>
                                    <Row>
                                        <code>
                                        <![CDATA[
                                        var fullOrder = "000000000000"+order;
                                        var fullOperation = "0000"+operation;
                                        fullOrder = fullOrder.substring(fullOrder.length-12,fullOrder.length);
                                        fullOperation = fullOperation.substring(fullOperation.length-4,fullOperation.length);
                                        
                                        var header = {"Content-Type":"text/xml", "Accept":"text/xml"};
                                        var XMLString = "<soapenv:Envelope xmlns:soapenv=\"http://schemas.xmlsoap.org/soap/envelope/\" " ;
                                        XMLString += "xmlns:urn=\"urn:sap-com:document:sap:rfc:functions\">" ;
                                        XMLString += "<soapenv:Header/>" ;
                                        XMLString += "<soapenv:Body>";
                                        XMLString += "<ns0:Z_P_POI_CONFIRMATION_CREATE xmlns:ns0=\"urn:sap-com:document:sap:rfc:functions\">";
                                        XMLString += "<E_DETAIL_RETURN>" ;
                                        XMLString += "<item>";
                                        XMLString += "<TYPE/>" ;
                                        XMLString += "<ID/>" ;
                                        XMLString += "<NUMBER/>" ;
                                        XMLString += "<MESSAGE/>";
                                        XMLString += "<LOG_NO/>" ;
                                        XMLString += "<LOG_MSG_NO/>" ;
                                        XMLString += "<MESSAGE_V1/>" ;
                                        XMLString += "<MESSAGE_V2/>" ;
                                        XMLString += "<MESSAGE_V3/>" ;
                                        XMLString += "<MESSAGE_V4/>" ;
                                        XMLString += "<PARAMETER/>";
                                        XMLString += "<ROW/>";
                                        XMLString += "<FIELD/>";
                                        XMLString += "<SYSTEM/>" ;
                                        XMLString += "<FLG_LOCKED/>" ;
                                        XMLString += "<CONF_NO/>";
                                        XMLString += "<CONF_CNT/>" ;
                                        XMLString += "</item>" ;
                                        XMLString += "</E_DETAIL_RETURN>";
                                        XMLString += "<T_TIMETICKETS>" ;
                                        XMLString += "<item>";
                                        XMLString += "<CONF_NO/>";
                                        XMLString += "<ORDERID>"+fullOrder+"</ORDERID>" ;
                                        XMLString += "<SEQUENCE></SEQUENCE>" ;
                                        XMLString += "<OPERATION>"+fullOperation+"</OPERATION>" ;
                                        XMLString += "<SUB_OPER/>" ;
                                        XMLString += "<CAPA_CATEGORY/>";
                                        XMLString += "<SPLIT/>";
                                        XMLString += "<FIN_CONF/>" ;
                                        XMLString += "<CLEAR_RES/>";
                                        XMLString += "<POSTG_DATE/>" ;
                                        XMLString += "<DEV_REASON/>" ;
                                        XMLString += "<CONF_TEXT/>";
                                        XMLString += "<PLANT>"+plant+"</PLANT>";
                                        XMLString += "<WORK_CNTR/>";
                                        XMLString += "<RECORDTYPE/>" ;
                                        XMLString += "<CONF_QUAN_UNIT/>" ;
                                        XMLString += "<CONF_QUAN_UNIT_ISO/>" ;
                                        XMLString += "<YIELD>"+okParts+".000</YIELD>";
                                        XMLString += "<SCRAP>"+nokParts+".000</SCRAP>";
                                        XMLString += "<REWORK/>" ;
                                        XMLString += "<CONF_ACTI_UNIT1/>";
                                        XMLString += "<CONF_ACTI_UNIT1_ISO/>";
                                        XMLString += "<CONF_ACTIVITY1/>" ;
                                        XMLString += "<NO_REMN_ACTI1/>";
                                        XMLString += "<CONF_ACTI_UNIT2/>";
                                        XMLString += "<CONF_ACTI_UNIT2_ISO/>";
                                        XMLString += "<CONF_ACTIVITY2/>" ;
                                        XMLString += "<NO_REMN_ACTI2/>";
                                        XMLString += "<CONF_ACTIVITY3/>" ;
                                        XMLString += "<CONF_ACTI_UNIT3/>";
                                        XMLString += "<CONF_ACTI_UNIT3_ISO/>";
                                        
                                        
                                        XMLString += "<NO_REMN_ACTI3/>";
                                        XMLString += "<CONF_ACTI_UNIT4/>";
                                        XMLString += "<CONF_ACTI_UNIT4_ISO/>";
                                        XMLString += "<CONF_ACTIVITY4/>" ;
                                        XMLString += "<NO_REMN_ACTI4/>";
                                        XMLString += "<CONF_ACTI_UNIT5/>";
                                        XMLString += "<CONF_ACTI_UNIT5_ISO/>";
                                        XMLString += "<CONF_ACTIVITY5/>" ;
                                        XMLString += "<NO_REMN_ACTI5/>";
                                        XMLString += "<CONF_ACTI_UNIT6/>";
                                        XMLString += "<CONF_ACTI_UNIT6_ISO/>";
                                        XMLString += "<CONF_ACTIVITY6/>" ;
                                        XMLString += "<NO_REMN_ACTI6/>";
                                        XMLString += "<CONF_BUS_PROC_UNIT1/>";
                                        XMLString += "<CONF_BUS_PROC_UNIT1_ISO/>";
                                        XMLString += "<CONF_BUS_PROC1/>" ;
                                        XMLString += "<NO_REMN_BUS_PROC1/>";
                                        XMLString += "<EXEC_START_DATE/>";
                                        XMLString += "<EXEC_START_TIME/>";
                                        XMLString += "<SETUP_FIN_DATE/>" ;
                                        XMLString += "<SETUP_FIN_TIME/>" ;
                                        XMLString += "<PROC_START_DATE/>";
                                        XMLString += "<PROC_START_TIME/>";
                                        XMLString += "<PROC_FIN_DATE/>";
                                        XMLString += "<PROC_FIN_TIME/>";
                                        XMLString += "<TEARDOWN_START_DATE/>";
                                        XMLString += "<TEARDOWN_START_TIME/>";
                                        XMLString += "<EXEC_FIN_DATE/>";
                                        XMLString += "<EXEC_FIN_TIME/>";
                                        XMLString += "<FCST_FIN_DATE/>";
                                        XMLString += "<FCST_FIN_TIME/>";
                                        XMLString += "<STD_UNIT1/>";
                                        XMLString += "<STD_UNIT1_ISO/>";
                                        XMLString += "<FORCAST_STD_VAL1/>" ;
                                        XMLString += "<STD_UNIT2/>";
                                        XMLString += "<STD_UNIT2_ISO/>";
                                        XMLString += "<FORCAST_STD_VAL2/>" ;
                                        XMLString += "<STD_UNIT3/>";
                                        XMLString += "<STD_UNIT3_ISO/>";
                                        XMLString += "<FORCAST_STD_VAL3/>" ;
                                        XMLString += "<STD_UNIT4/>";
                                        XMLString += "<STD_UNIT4_ISO/>";
                                        XMLString += "<FORCAST_STD_VAL4/>" ;
                                        XMLString += "<STD_UNIT5/>";
                                        XMLString += "<STD_UNIT5_ISO/>";
                                        XMLString += "<FORCAST_STD_VAL5/>" ;
                                        XMLString += "<STD_UNIT6/>";
                                        XMLString += "<STD_UNIT6_ISO/>";
                                        XMLString += "<FORCAST_STD_VAL6/>" ;
                                        XMLString += "<FORCAST_BUS_PROC_UNIT1/>" ;
                                        XMLString += "<FORC_BUS_PROC_UNIT1_ISO/>";
                                        XMLString += "<FORCAST_BUS_PROC_VAL1/>";
                                        XMLString += "<PERS_NO>"+persNo+"</PERS_NO>";
                                        XMLString += "<TIMEID_NO/>";
                                        XMLString += "<WAGETYPE/>" ;
                                        XMLString += "<SUITABILITY/>";
                                        XMLString += "<NO_OF_EMPLOYEE/>" ;
                                        XMLString += "<WAGEGROUP/>";
                                        XMLString += "<BREAK_UNIT/>" ;
                                        XMLString += "<BREAK_UNIT_ISO/>" ;
                                        XMLString += "<BREAK_TIME/>" ;
                                        XMLString += "<EX_CREATED_BY/>";
                                        XMLString += "<EX_CREATED_DATE/>";
                                        XMLString += "<EX_CREATED_TIME/>";
                                        XMLString += "<TARGET_ACTI1/>" ;
                                        XMLString += "<TARGET_ACTI2/>" ;
                                        XMLString += "<TARGET_ACTI3/>" ;
                                        XMLString += "<TARGET_ACTI4/>" ;
                                        XMLString += "<TARGET_ACTI5/>" ;
                                        XMLString += "<TARGET_ACTI6/>" ;
                                        XMLString += "<TARGET_BUS_PROC1/>" ;
                                        XMLString += "<EX_IDENT/>" ;
                                        XMLString += "<LOGDATE/>";
                                        XMLString += "<LOGTIME/>";
                                        XMLString += "<WIP_BATCH/>";
                                        XMLString += "<VENDRBATCH/>" ;
                                        XMLString += "</item>" ;
                                        XMLString += "</T_TIMETICKETS>";
                                        XMLString += "</ns0:Z_P_POI_CONFIRMATION_CREATE>";
                                        XMLString += "</soapenv:Body>" ;
                                        XMLString += "</soapenv:Envelope>";
                                        
                                        var XMLcontent = new XML (XMLString);
                                        
                                        			        var params = {
                                        			            proxyScheme: undefined /* STRING */,
                                        			            headers: header /* JSON */,
                                        			            ignoreSSLErrors: true /* BOOLEAN */,
                                        			            useNTLM: undefined /* BOOLEAN */,
                                        			            workstation: undefined /* STRING */,
                                        			            useProxy: undefined /* BOOLEAN */,
                                        			            withCookies: undefined /* BOOLEAN */,
                                        			            proxyHost: undefined /* STRING */,
                                        			            url: "http://podjv000.corp.knorr-bremse.com:50200/XISOAPAdapter/MessageServlet?senderParty=&senderService=BS_3RD_THINGWORX_P&receiverParty=&receiverService=&interface=Z_D_POI_CONFIRMATION_CREATE&interfaceNamespace=urn:sap-com:document:sap:rfc:functions" /* STRING */,
                                        			            content: XMLcontent /* XML */,
                                        			            timeout: undefined /* NUMBER */,
                                        			            proxyPort: undefined /* INTEGER */,
                                        			            password: "VNx6gwy3oSr9R" /* STRING */,
                                        			            domain: undefined /* STRING */,
                                        			            username: "SYS_THGWX" /* STRING */
                                        			        };
                                        			
                                        			        // result: XML
                                        			        var XMLresult = Resources["ContentLoaderFunctions"].PostXML(params);
                                        			
                                        			        var Response = XMLresult.*::Body.*;
                                        			        var MESSAGE = Response.*::E_DETAIL_RETURN.*::item.*::MESSAGE;
                                        			        var CONF_CNT = Response.*::E_DETAIL_RETURN.*::item.*::CONF_CNT;
                                        			        var CONF_NO = Response.*::E_DETAIL_RETURN.*::item.*::CONF_NO;
                                        			        var SYSTEM = Response.*::E_DETAIL_RETURN.*::item.*::SYSTEM;
                                        			        var result = String(Response);
                                        			        //var result = String(MESSAGE) + " (" + String(CONF_CNT) + " Parts confirmed, Confirmation Number: "+CONF_NO+", System: "+SYSTEM+".) " + String(Response);
                                        ]]>
                                        </code>
                                    </Row>
                                </Rows>
                            </ConfigurationTable>
                        </ConfigurationTables>
                    </ServiceImplementation>
                </ServiceImplementations>
                <Subscriptions></Subscriptions>
            </ThingShape>
            <PropertyBindings></PropertyBindings>
            <RemotePropertyBindings></RemotePropertyBindings>
            <RemoteServiceBindings></RemoteServiceBindings>
            <RemoteEventBindings></RemoteEventBindings>
            <AlertConfigurations></AlertConfigurations>
            <ImplementedShapes></ImplementedShapes>
            <ThingProperties></ThingProperties>
        </Thing>
    </Things>
</Entities>
