﻿<?xml version="1.0" encoding="UTF-8" standalone="no"?>
<Entities>
  <ExtensionPackages>
    <ExtensionPackage dependsOn="" description="" minimumThingWorxVersion="9.3.6" name="KBsapConnector" packageVersion="1.202440.1" vendor="Knorr-Bremse Services GmbH">
      <JarResources>
        <FileResource description="" file="KBsapConnector.jar" type="JAR" />
        <FileResource description="" file="axis.jar" type="JAR" />
        <FileResource description="" file="commons-discovery-0.2.jar" type="JAR" />
        <FileResource description="" file="jaxrpc.jar" type="JAR" />
        <FileResource description="" file="javax.activation-1.2.0.jar" type="JAR" />
        <FileResource description="" file="saaj.jar" type="JAR" />
        <FileResource description="" file="jcifs-1.3.19.jar" type="JAR" />
        <FileResource description="" file="wsdl4j-1.5.1.jar" type="JAR" />
      </JarResources>
    </ExtensionPackage>
  </ExtensionPackages>
  <ThingPackages>
    <ThingPackage className="com.ptc.kb.sap.SAPServer" description="" name="SAPServerPackage" />
    <ThingPackage className="com.ptc.kb.sap.KBsapConfigConnectorTemplate" description="" name="KBsapConfigConnectorPackage" />
  </ThingPackages>
  <ThingTemplates>
    <ThingTemplate aspect.isEditableExtensionObject="false" description="" name="SAPServer" thingPackage="SAPServerPackage" />
    <ThingTemplate aspect.isEditableExtensionObject="false" description="" name="KBsapConfigConnectorTemplate" thingPackage="KBsapConfigConnectorPackage" />
  </ThingTemplates>
</Entities>