<?xml version="1.0" encoding="UTF-8"?>
<Entities
 build="b2319"
 majorVersion="8"
 minorVersion="4"
 modelPersistenceProviderPackage="MssqlPersistenceProviderPackage"
 revision="4"
 schemaVersion="1041"
 universal="password">
    <ThingShapes>
        <ThingShape
         className=""
         description=""
         documentationContent=""
         homeMashup=""
         lastModifiedDate="2021-10-18T08:58:16.340+02:00"
         name="KBSAPPMClientShape"
         projectName="TWX-Ext-KBsapConnector"
         tags="">
            <PropertyDefinitions>
                <PropertyDefinition
                 aspect.cacheTime="0.0"
                 aspect.dataChangeType="VALUE"
                 aspect.isPersistent="true"
                 baseType="BOOLEAN"
                 category=""
                 description=""
                 isLocalOnly="false"
                 name="doProcessingPMMD"
                 ordinal="4"></PropertyDefinition>
                <PropertyDefinition
                 aspect.cacheTime="0.0"
                 aspect.dataChangeType="VALUE"
                 aspect.isPersistent="true"
                 baseType="BOOLEAN"
                 category=""
                 description=""
                 isLocalOnly="false"
                 name="isProcessingPMMD"
                 ordinal="4"></PropertyDefinition>
            </PropertyDefinitions>
            <ServiceDefinitions>
                <ServiceDefinition
                 aspect.isAsync="false"
                 category=""
                 description=""
                 isAllowOverride="false"
                 isLocalOnly="false"
                 isOpen="false"
                 isPrivate="false"
                 name="GetSAPPMMDXmlTable">
                    <ResultType
                     aspect.dataShape="KBSAPPMMDResultDataShape"
                     baseType="INFOTABLE"
                         description=""
                         name="result"
                         ordinal="0"></ResultType>
                    <ParameterDefinitions></ParameterDefinitions>
                </ServiceDefinition>
                <ServiceDefinition
                 aspect.isAsync="false"
                 category=""
                 description=""
                 isAllowOverride="false"
                 isLocalOnly="false"
                 isOpen="false"
                 isPrivate="false"
                 name="UpdateSAPPMMD">
                    <ResultType
                     baseType="NOTHING"
                     description=""
                     name="result"
                     ordinal="0"></ResultType>
                    <ParameterDefinitions>
                        <FieldDefinition
                         aspect.dataShape="KBSAPPMMDResultDataShape"
                         baseType="INFOTABLE"
                         description=""
                         name="SAPPMMDInfotable"
                         ordinal="1"></FieldDefinition>
                    </ParameterDefinitions>
                </ServiceDefinition>
            </ServiceDefinitions>
            <EventDefinitions></EventDefinitions>
            <ServiceMappings></ServiceMappings>
            <ServiceImplementations>
                <ServiceImplementation
                 description=""
                 handlerName="Script"
                 name="GetSAPPMMDXmlTable">
                    <ConfigurationTables>
                        <ConfigurationTable
                         description=""
                         isMultiRow="false"
                         name="Script"
                         ordinal="0">
                            <DataShape>
                                <FieldDefinitions>
                                    <FieldDefinition
                                     baseType="STRING"
                                     description="code"
                                     name="code"
                                     ordinal="0"></FieldDefinition>
                                </FieldDefinitions>
                            </DataShape>
                            <Rows>
                                <Row>
                                    <code>
                                    <![CDATA[
                                    try {
                                    
                                        me.isProcessingPMMD = true;
                                        var plantThings = ThingTemplates["KBLocalPlantThingTemplate"].GetImplementingThings();
                                        var division = Things[plantThings.rows[0].name].KBDivisionThing;
                                    
                                        var SAPServer = division == "KBTruckDivisionThing" ? "KBTruckSAPServer" : "KBRailSAPServer";
                                    
                                        // table: INFOTABLE dataShape: ""
                                        var SAPConfiguration = Things[SAPServer].GetConfigurationTable({
                                            tableName: "SAPConfiguration" /* STRING */
                                        });
                                        
                                        
                                        var user = SAPConfiguration[0].Username_PM_MD;
                                        var PW = SAPConfiguration[0].Password_PM_MD;
                                        var url = SAPConfiguration[0].URL_PM_MD;	
                                        
                                        var DB = Resources["KBThingWorxServerSystem"].GetKPILocalThingWorxDatabaseThing();
                                        										
                                        for(let i = 0; i < plantThings.rows.length; i++){
                                        //var location = Resources["KBThingWorxServerSystem"].GetLocationIdentifier();
                                        var plantThing = plantThings.rows[i];
                                        var location = plantThing.name.substring(2, 5);
                                        if (location == "BER") {
                                        	url =url + '?sap-language=DE'
                                        } else if (location == "BUD") {
                                            url =url + '?sap-language=HU'
                                        }
                                        if (location != "MUC") {
                                        		logger.trace("KBSAPPMClientShape/GetSAPPMMDXmlTable");
                                    		var params = {
                                    			thingName: DB /* STRING */
                                    		};
                                    		if (!Resources["PTC.Factory.CommonUtilities"].DoesThingExists(params)) {
                                    			me.doProcessingPMMD = false;
                                    			logger.debug("KBSAPPMClientShape/GetSAPPMMDXmlTable '+DB+' Does not Exists");
                                    		}else{me.doProcessingPMMD = true;}
                                    		
                                    	    if (me.doProcessingPMMD !== null && me.doProcessingPMMD === true) {
                                    	    	
                                                var params0 = {
                                                	infoTableName: "InfoTable",
                                                	dataShapeName: "KBSAPPMMDResultDataShape"
                                                };
                                                var result = Resources["InfoTableFunctions"].CreateInfoTableFromDataShape(params0);
                                    			// result: INFOTABLE dataShape: ""
                                            //			var SAPresult =  Things[DB].GetPmMessages();
                                            			
                                            if(Things[plantThing.name].SAPPlantId !== "") {
                                                var plant=Things[plantThing.name].SAPPlantId;
                                    
                                                var urn = SAPServer === "KBTruckSAPServer" ? "YPM_GET_USER_EQUIP_FUN_LIST_WS" : "ZPM_GET_USER_EQUIP_FUN_LIST_WS";
                                    			var SapXMLString =
                                    				"<soapenv:Envelope xmlns:soapenv='http://schemas.xmlsoap.org/soap/envelope/' xmlns:urn='urn:sap-com:document:sap:rfc:functions'>"+
                                       "<soapenv:Header/>"+
                                       "<soapenv:Body>"+
                                          "<urn:" + urn + ">"+
                                             "<IV_WERKS>"+plant+"</IV_WERKS>"+
                                          "</urn:" + urn + ">"+
                                       "</soapenv:Body>"+
                                    "</soapenv:Envelope>";
                                    			
                                            			var paramsForSapSoapPMWebserviceRequest = {
                                    						url: url,
                                            				content: SapXMLString,
                                            				password: PW,
                                            				username: user
                                    					};
                                    
                                    		    		var sapSoapWebserviceResponse = Resources['ContentLoaderFunctions'].PostXML(paramsForSapSoapPMWebserviceRequest);
                                    		            var resultXML = new XML(sapSoapWebserviceResponse);
                                    		            
                                    //					logger.trace("KBSAPPMClientShape/GetSAPPMMDXmlTable result for Id "+row.Id+": "+String(resultXML));
                                    			
                                                        var Response = resultXML.*::Body.*;
                                                        var xmltext = String(Response);
                                            			var newXML = new XML(xmltext);
                                            			
                                                		var newRow = new Object(); 
                                                        FunctionalLocations = newXML.*::ET_FUNCTIONAL_LOC.*::item;
                                                        for each (var tag in FunctionalLocations) { 
                                            				newRow.PropertyKey = tag.OBJECTTYPE; 
                                                            newRow.Value = ""; 
                                                            newRow.TextValue = tag.TPLNR; 
                                                            newRow.Description = tag.PLTXT;
                                                            newRow.PropertyKey1 = tag.GEWRK;
                                                            newRow.PropertyKey2 = tag.ARBPL;
                                                            newRow.PlantId = tag.SWERK;
                                                            result.AddRow(newRow);
                                            			}
                                                
                                                		Equipments = newXML.*::ET_EQUIPMENTS_LIST.*::item;
                                                        
                                                        for each (var tag in Equipments) { 
                                            				newRow.PropertyKey = tag.OBJECTTYPE; 
                                                            newRow.Value = tag.EQUNR; 
                                                            newRow.TextValue = ""; 
                                                            newRow.Description = tag.EQKTX;
                                                            newRow.PropertyKey1 = tag.TPLNR;
                                                            newRow.PropertyKey2 = tag.GEWRK;
                                                            newRow.PlantId = tag.SWERK;
                                                            result.AddRow(newRow);
                                            			}   
                                                
                                                        MTWorker = newXML.*::ET_USERLIST.*::item;
                                                        for each (var tag in MTWorker) { 
                                            				newRow.PropertyKey = tag.OBJECTTYPE; 
                                                            newRow.Value = ""; 
                                                            newRow.TextValue = tag.PERNR; 
                                                            newRow.Description = tag.STEXT;
                                                            newRow.PropertyKey1 = tag.ARBPL;
                                                            newRow.PropertyKey2 = "";
                                                            newRow.PlantId = tag.WERKS;
                                                            result.AddRow(newRow);
                                            			}
                                                    } else {
                                                        logger.error("Error - SAPPlantId not configured on Plant thing: " + plantThing.name + ", Service: GetSAPPMMDXmlTable, Thing: " + me.name);                
                                                    }
                                    	    }
                                    	    }
                                         }
                                         me.isProcessingPMMD = false;
                                    } catch(err) {
                                        me.isProcessingPMMD = false;
                                        logger.error("KBSAPPMClientShape/GetSAPPMMDXmlTable error (2): "+err+" at:"+err.lineNumber);
                                    }
                                    ]]>
                                    </code>
                                </Row>
                            </Rows>
                        </ConfigurationTable>
                    </ConfigurationTables>
                </ServiceImplementation>
                <ServiceImplementation
                 description=""
                 handlerName="Script"
                 name="UpdateSAPPMMD">
                    <ConfigurationTables>
                        <ConfigurationTable
                         description=""
                         isMultiRow="false"
                         name="Script"
                         ordinal="0">
                            <DataShape>
                                <FieldDefinitions>
                                    <FieldDefinition
                                     baseType="STRING"
                                     description="code"
                                     name="code"
                                     ordinal="0"></FieldDefinition>
                                </FieldDefinitions>
                            </DataShape>
                            <Rows>
                                <Row>
                                    <code>
                                    <![CDATA[
                                    try{
                                        if (me.doProcessingPMMD) {
                                            if (!me.isProcessingPMMD) {
 var tablelength=0;
 	try{
    	if(SAPPMMDInfotable.rows.length>0){tablelength=SAPPMMDInfotable.rows.length;}
 	} catch(err) {
    	logger.debug("debug on service UpdateSAPPMMD, empty input InfoTable. ");
    }
    var result;
    if(tablelength>0){
                                            me.isProcessingPMMD = true;
        var key = "12345678901234567890123456789012345678901234567890123456";
        logger.debug(" UpdateSAPPMMD QTY:"+tablelength);
       
		var DB = Resources["KBThingWorxServerSystem"].GetKPILocalThingWorxDatabaseThing();
        
        //Plant thing list with PlantIds
        var plantThings = ThingTemplates["KBLocalPlantThingTemplate"].GetImplementingThings();
        plantThings.AddField({ name: "PlantId", baseType: "STRING"});
        for(let i=0; i<plantThings.rows.length; i++){
            plantThings.rows[i].PlantId = Things[plantThings.rows[i].name].SAPPlantId;
        }
                                    
        //Removing older SAP data based on input plantIds
        var plantIdsToDelete = Resources["InfoTableFunctions"].Distinct({t: SAPPMMDInfotable , columns: "PlantId"});
        for(let i=0; i<plantIdsToDelete.rows.length; i++){
            result = Things[DB].DeleteSAPPMKeyValueData({
            PlantId: plantIdsToDelete.rows[i].PlantId /* STRING */
            });
    	}
                                    
            var MachineName;
        
    	for(x=0;x<tablelength;x++){
            var PlantId = SAPPMMDInfotable.rows[x].PlantId;
                                    
            // Finding Plant thing name from the SAPPM PlantId
            var plantIdQuery = { "filters": { "type": "EQ", "fieldName": "PlantId", "value": PlantId }};
            var plantThingEntry = Resources["InfoTableFunctions"].Query({ t: plantThings, query: plantIdQuery });
            var PlantName = plantThingEntry.rows[0].name;

            if(!isNaN(SAPPMMDInfotable.rows[x].Value)) {
            if(SAPPMMDInfotable.rows[x].PropertyKey=='FunctionalLocation'){
        	    var MachineInfotable = Things[DB].GetMachineKeyValueMachineName({
                	PropertyTextValue: SAPPMMDInfotable.rows[x].PropertyKey2 /* STRING */ ,
                	PropertyKey: 'SAPWorkcenterNumber' /* STRING */
                });
                                    
                if(MachineInfotable.rows.length>0 &&
                    Things[MachineInfotable.rows[0].Machine].SAPWorkcenterNumber!=='' && Things[MachineInfotable.rows[0].Machine].SAPWorkcenterNumber!==null &&
                    MachineInfotable.rows[0].Machine!=="" && MachineInfotable.rows[0].Machine!==null) {
            		    MachineName=MachineInfotable.rows[0].Machine;
                } else {
                    MachineName = PlantName;
                }
            
            //write to db
            result = Things["KBKPILocalThingWorxDatabaseThing"].AddSAPPMKeyValueData({
            	Description: SAPPMMDInfotable.rows[x].Description  /* STRING */ ,
            	DateTimeValue: undefined  /* DATETIME */ ,
            	TextValue: SAPPMMDInfotable.rows[x].TextValue  /* STRING */ ,
            	isTextValue: 1  /* BOOLEAN */ ,
            	PropertyKey2: SAPPMMDInfotable.rows[x].PropertyKey2  /* STRING */ ,
            	isFloatValue: 0 /* BOOLEAN */ ,
            	PropertyKey1: SAPPMMDInfotable.rows[x].PropertyKey1  /* STRING */ ,
            	FloatValue: undefined  /* NUMBER */ ,
            	PropertyKey: SAPPMMDInfotable.rows[x].PropertyKey  /* STRING */ ,
            	isDateTimeValue: 0 /* BOOLEAN */ ,
            	Machine: MachineName  /* STRING */ ,
            	PlantId: PlantId  /* STRING */
            });
        }else if(SAPPMMDInfotable.rows[x].PropertyKey=='Equipment'){
             	// result: INFOTABLE dataShape: ""
                 if(SAPPMMDInfotable.rows[x].PropertyKey1!="" && SAPPMMDInfotable.rows[x].PropertyKey1!=undefined && SAPPMMDInfotable.rows[x].PropertyKey1!=null){
             	 var MachineInfotable2 = Things[DB].GetMachineNameOfFL({
             		FunctionalLocation: SAPPMMDInfotable.rows[x].PropertyKey1 /* STRING */
             	});
                 if(MachineInfotable2!=undefined && MachineInfotable2!=null){
                    if(MachineInfotable2.rows.length>0 &&
                        Things[MachineInfotable2.rows[0].Machine].SAPWorkcenterNumber!=='' && Things[MachineInfotable2.rows[0].Machine].SAPWorkcenterNumber!==null &&
                        MachineInfotable2.rows[0].Machine!=="" && MachineInfotable2.rows[0].Machine!==null) {
                            MachineName=MachineInfotable2.rows[0].Machine;
                } else {
                        MachineName = PlantName;
            	} 
                 }}
                 var  textValue;
                 if(SAPPMMDInfotable.rows[x].Value !==""){
                         textValue=1;
                     }else{
                     	textValue=0;
                 	 }
                 result = Things["KBKPILocalThingWorxDatabaseThing"].AddSAPPMKeyValueData({
                	Description: SAPPMMDInfotable.rows[x].Description  /* STRING */ ,
                	DateTimeValue: undefined  /* DATETIME */ ,
                	TextValue: SAPPMMDInfotable.rows[x].Value /* STRING */ ,
                	isTextValue: textValue,
                	PropertyKey2: SAPPMMDInfotable.rows[x].PropertyKey2  /* STRING */ ,
                	isFloatValue: textValue /* BOOLEAN */ ,
                	PropertyKey1: SAPPMMDInfotable.rows[x].PropertyKey1  /* STRING */ ,
                	FloatValue: SAPPMMDInfotable.rows[x].Value  /* NUMBER */ ,
                	PropertyKey: SAPPMMDInfotable.rows[x].PropertyKey  /* STRING */ ,
                	isDateTimeValue: 0 /* BOOLEAN */ ,
                	Machine: MachineName  /* STRING */ ,
                	PlantId: PlantId  /* STRING */
                });
             }else{
                 if(SAPPMMDInfotable.rows[x].PropertyKey=='MTWorker'){
                    MachineName=PlantName;
                     // result: STRING
                     var MTWorkerName = Resources["EncryptionServices"].EncryptWithKey({
                     	data: SAPPMMDInfotable.rows[x].Description /* STRING */ ,
                     	key: key /* STRING */
                     });
                      var MTWorkerId = Resources["EncryptionServices"].EncryptWithKey({
                     	data: SAPPMMDInfotable.rows[x].TextValue /* STRING */ ,
                     	key: key /* STRING */
                     });
   
                     result = Things["KBKPILocalThingWorxDatabaseThing"].AddSAPPMKeyValueData({
                    	Description: MTWorkerName  /* STRING */ ,
                    	DateTimeValue: SAPPMMDInfotable.rows[x].Value  /* DATETIME */ ,
                    	TextValue: MTWorkerId  /* STRING */ ,
                    	isTextValue: 1  /* BOOLEAN */ ,
                    	PropertyKey2: undefined /* STRING */ ,
                    	isFloatValue: 0 /* BOOLEAN */ ,
                    	PropertyKey1: SAPPMMDInfotable.rows[x].PropertyKey1  /* STRING */ , 
                    	FloatValue: undefined  /* NUMBER */ ,
                    	PropertyKey: SAPPMMDInfotable.rows[x].PropertyKey  /* STRING */ ,
                    	isDateTimeValue: 0 /* BOOLEAN */ ,
                    	Machine: MachineName  /* STRING */ ,
                    	PlantId: PlantId  /* STRING */
                    });
                 }
                 }
                }else{
                    logger.error("Error - Service: UpdateSAPPMMD, Thing:" + me.name + " - Invalid SAP PM MD Value: " + SAPPMMDInfotable.rows[x].Value + " for PropertyKey: " + SAPPMMDInfotable.rows[x].PropertyKey + ", PropertyKey1: " + SAPPMMDInfotable.rows[x].PropertyKey1 + ", PropertyKey2: " + SAPPMMDInfotable.rows[x].PropertyKey2);
                }
            }
            Things["KBSAPDataDailyScheduler"].LastSAPPMUpdate = new Date();
            me.isProcessingPMMD = false;
              }
        }
    }

} catch(err) {
    me.isProcessingPMMD = false;
	logger.error("Error on service UpdateSAPPMMD: " + err + " on thing:" + me.name+ " at:" + err.lineNumber);
}
                                    ]]>
                                    </code>
                                </Row>
                            </Rows>
                        </ConfigurationTable>
                    </ConfigurationTables>
                </ServiceImplementation>
            </ServiceImplementations>
            <Subscriptions></Subscriptions>
            <avatar></avatar>
            <DesignTimePermissions>
                <Create></Create>
                <Read></Read>
                <Update></Update>
                <Delete></Delete>
                <Metadata></Metadata>
            </DesignTimePermissions>
            <RunTimePermissions></RunTimePermissions>
            <VisibilityPermissions>
                <Visibility></Visibility>
            </VisibilityPermissions>
            <ConfigurationTableDefinitions></ConfigurationTableDefinitions>
            <ConfigurationTables></ConfigurationTables>
            <PropertyBindings></PropertyBindings>
            <RemotePropertyBindings></RemotePropertyBindings>
            <RemoteServiceBindings></RemoteServiceBindings>
            <RemoteEventBindings></RemoteEventBindings>
            <AlertConfigurations>
                <AlertDefinitions
                 name="doProcessingPMMD"></AlertDefinitions>
                <AlertDefinitions
                 name="isProcessingPMMD"></AlertDefinitions>
            </AlertConfigurations>
            <InstanceRunTimePermissions></InstanceRunTimePermissions>
        </ThingShape>
    </ThingShapes>
</Entities>
