<?xml version="1.0" encoding="UTF-8"?>
<Entities
 majorVersion="9"
 minorVersion="3"
 universal="password">
    <Things>
        <Thing
         description=""
         documentationContent=""
         effectiveThingPackage="TimerThing"
         enabled="true"
         homeMashup=""
         identifier=""
         inheritedValueStream=""
         name="KBSAPTruckProcessingTimer"
         projectName="TWX-Ext-KBsapConnector"
         published="false"
         tags=""
         thingTemplate="KBTimerTemplate_V1"
         valueStream="">
            <avatar></avatar>
            <DesignTimePermissions>
                <Create></Create>
                <Read></Read>
                <Update></Update>
                <Delete></Delete>
                <Metadata></Metadata>
            </DesignTimePermissions>
            <RunTimePermissions></RunTimePermissions>
            <VisibilityPermissions>
                <Visibility></Visibility>
            </VisibilityPermissions>
            <ConfigurationTableDefinitions></ConfigurationTableDefinitions>
            <ConfigurationTables>
                <ConfigurationTable
                 dataShapeName=""
                 description="General Settings"
                 isHidden="true"
                 isMultiRow="false"
                 name="Settings"
                 ordinal="0">
                    <DataShape>
                        <FieldDefinitions>
                            <FieldDefinition
                             aspect.defaultValue="true"
                             baseType="BOOLEAN"
                             description="Automatically enable timer on startup"
                             name="enabled"
                             ordinal="0"></FieldDefinition>
                            <FieldDefinition
                             baseType="USERNAME"
                             description="User context in which to run event handlers"
                             name="runAsUser"
                             ordinal="0"></FieldDefinition>
                            <FieldDefinition
                             aspect.defaultValue="60000.0"
                             baseType="NUMBER"
                             description="Update rate"
                             name="updateRate"
                             ordinal="0"></FieldDefinition>
                        </FieldDefinitions>
                    </DataShape>
                    <Rows>
                        <Row>
                            <enabled>true</enabled>
                            <runAsUser>
                            <![CDATA[
                            Administrator
                            ]]>
                            </runAsUser>
                            <updateRate>600000.0</updateRate>
                        </Row>
                    </Rows>
                </ConfigurationTable>
            </ConfigurationTables>
            <ThingShape>
                <PropertyDefinitions></PropertyDefinitions>
                <ServiceDefinitions></ServiceDefinitions>
                <EventDefinitions></EventDefinitions>
                <ServiceMappings></ServiceMappings>
                <ServiceImplementations></ServiceImplementations>
                <Subscriptions>
                    <Subscription
                     description=""
                     enabled="true"
                     eventName="Timer"
                     name="RunTimer"
                     source=""
                     sourceProperty=""
                     sourceType="Thing">
                        <ServiceImplementation
                         description=""
                         handlerName="Script"
                         name="RunTimer">
                            <ConfigurationTables>
                                <ConfigurationTable
                                 dataShapeName=""
                                 description=""
                                 isMultiRow="false"
                                 name="Script"
                                 ordinal="0">
                                    <DataShape>
                                        <FieldDefinitions>
                                            <FieldDefinition
                                             baseType="STRING"
                                             description="code"
                                             name="code"
                                             ordinal="0"></FieldDefinition>
                                        </FieldDefinitions>
                                    </DataShape>
                                    <Rows>
                                        <Row>
                                            <code>
                                            <![CDATA[
                                            if (me.Enabled && me.isActive && !me.isRunning){
                                                me.isRunning = true;
                                                try {
                                                    me.LastRunStart = new Date(); 
                                            		me.LastRunResult = Things["KBSAPThingWorxDatabaseThing"].PreparePartsToConfirmTruck();
                                            		me.LastRunEnd = new Date(); 
                                                } catch(err) {
                                            		logger.error("KBSAPTruckProcessingTimer: "+err);
                                                }
                                                me.isRunning = false;
                                            }
                                            ]]>
                                            </code>
                                        </Row>
                                    </Rows>
                                </ConfigurationTable>
                            </ConfigurationTables>
                        </ServiceImplementation>
                    </Subscription>
                </Subscriptions>
            </ThingShape>
            <PropertyBindings></PropertyBindings>
            <RemotePropertyBindings></RemotePropertyBindings>
            <RemoteServiceBindings></RemoteServiceBindings>
            <RemoteEventBindings></RemoteEventBindings>
            <AlertConfigurations></AlertConfigurations>
            <ImplementedShapes></ImplementedShapes>
            <ThingProperties>
            </ThingProperties>
        </Thing>
    </Things>
</Entities>
