<?xml version="1.0" encoding="UTF-8" standalone="no"?>
<Entities build="b167" majorVersion="8" minorVersion="2"
	modelPersistenceProviderPackage="MssqlPersistenceProviderPackage"
	revision="2" schemaVersion="1020" universal="">
	<Things>
		<Thing description="***DEPRECATED***" documentationContent=""
			effectiveThingPackage="ConfiguredThing" enabled="true" homeMashup=""
			identifier="" lastModifiedDate="2018-12-13T12:05:12.226+01:00" name="KBSAPDataBufferProcessorThing"
			projectName="TWX-Ext-KBsapConnector" published="false" tags="" thingTemplate="GenericThing"
			valueStream="">
			<Owner name="adm-flassakm" type="User" />
			<avatar />
			<DesignTimePermissions>
				<Create />
				<Read />
				<Update />
				<Delete />
				<Metadata />
			</DesignTimePermissions>
			<RunTimePermissions>
				<Permissions resourceName="*">
					<PropertyRead />
					<PropertyWrite />
					<ServiceInvoke>
						<Principal isPermitted="true" name="KBSAPServiceUser"
							type="User" />
					</ServiceInvoke>
					<EventInvoke />
					<EventSubscribe />
				</Permissions>
				<Permissions resourceName="GetGlobalSAPServiceUrl">
					<PropertyRead />
					<PropertyWrite />
					<ServiceInvoke>
						<Principal isPermitted="true" name="KBSAPServiceUser"
							type="User" />
					</ServiceInvoke>
					<EventInvoke />
					<EventSubscribe />
				</Permissions>
				<Permissions resourceName="GetAppKey">
					<PropertyRead />
					<PropertyWrite />
					<ServiceInvoke>
						<Principal isPermitted="true" name="KBSAPServiceUser"
							type="User" />
					</ServiceInvoke>
					<EventInvoke />
					<EventSubscribe />
				</Permissions>
			</RunTimePermissions>
			<VisibilityPermissions>
				<Visibility>
					<Principal isPermitted="true" name="KBBackGroundWorker"
						type="Organization" />
				</Visibility>
			</VisibilityPermissions>
			<ConfigurationTables />
			<ThingShape>
				<PropertyDefinitions>
				</PropertyDefinitions>
				<ServiceDefinitions>
					<ServiceDefinition aspect.isAsync="false"
						category="" description="" isAllowOverride="false" isLocalOnly="false"
						isOpen="false" isPrivate="false" name="GetGlobalSAPServiceUrl">
						<ResultType baseType="STRING" description="" name="result"
							ordinal="0" />
						<ParameterDefinitions />
					</ServiceDefinition>
					<ServiceDefinition aspect.isAsync="false"
						category="" description="" isAllowOverride="false" isLocalOnly="false"
						isOpen="false" isPrivate="false" name="GetAppKey">
						<ResultType baseType="STRING" description="" name="result"
							ordinal="0" />
						<ParameterDefinitions />
					</ServiceDefinition>
				</ServiceDefinitions>
				<EventDefinitions />
				<ServiceMappings />
				<ServiceImplementations>
					<ServiceImplementation description=""
						handlerName="Script" name="GetGlobalSAPServiceUrl">
						<ConfigurationTables>
							<ConfigurationTable description="Script"
								isMultiRow="false" name="Script" ordinal="0">
								<DataShape>
									<FieldDefinitions>
										<FieldDefinition baseType="STRING"
											description="code" name="code" ordinal="0" />
									</FieldDefinitions>
								</DataShape>
								<Rows>
									<Row>
										<code><![CDATA[var URLsystem = Resources["KBThingWorxServerSystem"].GetStagingIdentifier();
if (URLsystem == "PROD") {
    URLsystem = "";
}

var result="https://smartproduction"+URLsystem+".corp.knorr-bremse.com/Thingworx/Things/"+me.name+"/Services/";
]]></code>
									</Row>
								</Rows>
							</ConfigurationTable>
						</ConfigurationTables>
					</ServiceImplementation>
					<ServiceImplementation description=""
						handlerName="Script" name="GetAppKey">
						<ConfigurationTables>
							<ConfigurationTable description="Script"
								isMultiRow="false" name="Script" ordinal="0">
								<DataShape>
									<FieldDefinitions>
										<FieldDefinition baseType="STRING"
											description="code" name="code" ordinal="0" />
									</FieldDefinitions>
								</DataShape>
								<Rows>
									<Row>
										<code><![CDATA[var result = "f8acfd1f-c83b-4dd9-a574-949d26a26aaa";]]></code>
									</Row>
								</Rows>
							</ConfigurationTable>
						</ConfigurationTables>
					</ServiceImplementation>
				</ServiceImplementations>
				<Subscriptions>
				</Subscriptions>
			</ThingShape>
			<PropertyBindings />
			<RemotePropertyBindings />
			<RemoteServiceBindings />
			<RemoteEventBindings />
			<AlertConfigurations>
			</AlertConfigurations>
			<ImplementedShapes>
			</ImplementedShapes>
			<ThingProperties>
			</ThingProperties>
			<ConfigurationChanges>
				<ConfigurationChange changeAction="CREATE"
					changeReason="" timestamp="2018-12-13T11:35:19.102+01:00" user="adm-flassakm" />
			</ConfigurationChanges>
		</Thing>
	</Things>
</Entities>