<?xml version="1.0" encoding="UTF-8" standalone="no"?>
<Entities build="b2319" majorVersion="8" minorVersion="4"
	modelPersistenceProviderPackage="MssqlPersistenceProviderPackage"
	revision="4" schemaVersion="1041" universal="">
	<DataShapes>
		<DataShape baseDataShape="" description=""
			documentationContent="" homeMashup=""
			lastModifiedDate="2021-01-27T15:50:39.752+01:00"
			name="KBSAPSernrUpdateInProdOrderDataShape" projectName="TWX-Ext-KBsapConnector" tags="">
			<Owner name="adm-flassakm" type="User" />
			<avatar />
			<DesignTimePermissions>
				<Create />
				<Read />
				<Update />
				<Delete />
				<Metadata />
			</DesignTimePermissions>
			<RunTimePermissions />
			<VisibilityPermissions>
				<Visibility />
			</VisibilityPermissions>
			<ConfigurationTableDefinitions />
			<ConfigurationTables />
			<FieldDefinitions>
				<FieldDefinition aspect.isPrimaryKey="false"
					baseType="STRING" description="" name="Identifier" ordinal="1" />
				<FieldDefinition aspect.isPrimaryKey="false"
					baseType="STRING" description="" name="MSG_LINE" ordinal="2" />
				<FieldDefinition aspect.isPrimaryKey="false"
					baseType="STRING" description="" name="MSG_ID" ordinal="3" />
				<FieldDefinition aspect.isPrimaryKey="false"
					baseType="STRING" description="" name="MSG_NO" ordinal="4" />
				<FieldDefinition aspect.isPrimaryKey="false"
					baseType="STRING" description="" name="MSG_TXT" ordinal="5" />
				<FieldDefinition aspect.isPrimaryKey="false"
					baseType="STRING" description="" name="MSG_TYPE" ordinal="6" />
				<FieldDefinition aspect.isPrimaryKey="false"
					baseType="STRING" description="" name="MSG_V1" ordinal="7" />
				<FieldDefinition aspect.isPrimaryKey="false"
					baseType="STRING" description="" name="MSG_V2" ordinal="8" />
				<FieldDefinition aspect.isPrimaryKey="false"
					baseType="STRING" description="" name="MSG_V3" ordinal="9" />
				<FieldDefinition aspect.isPrimaryKey="false"
					baseType="STRING" description="" name="MSG_V4" ordinal="10" />
				<FieldDefinition aspect.isPrimaryKey="false"
					baseType="STRING" description="" name="AUFNR" ordinal="11" />
				<FieldDefinition aspect.isPrimaryKey="false"
					baseType="STRING" description="" name="BATCH" ordinal="12" />
				<FieldDefinition aspect.isPrimaryKey="false"
					baseType="STRING" description="" name="FL_ERROR" ordinal="13" />
				<FieldDefinition aspect.isPrimaryKey="false"
					baseType="STRING" description="" name="HEAD" ordinal="14" />
				<FieldDefinition aspect.isPrimaryKey="false"
					baseType="STRING" description="" name="KOMAT" ordinal="15" />
				<FieldDefinition aspect.isPrimaryKey="false"
					baseType="STRING" description="" name="KOSER" ordinal="16" />
				<FieldDefinition aspect.isPrimaryKey="false"
					baseType="STRING" description="" name="KWEEK" ordinal="17" />
				<FieldDefinition aspect.isPrimaryKey="false"
					baseType="STRING" description="" name="KYEAR" ordinal="18" />
				<FieldDefinition aspect.isPrimaryKey="false"
					baseType="STRING" description="" name="MISSING_ITEMS" ordinal="19" />
				<FieldDefinition aspect.isPrimaryKey="false"
					baseType="STRING" description="" name="NOTICE" ordinal="20" />
				<FieldDefinition aspect.isPrimaryKey="false"
					baseType="STRING" description="" name="POSER" ordinal="21" />
			</FieldDefinitions>
			<ConfigurationChanges>
				<ConfigurationChange changeAction="CREATE"
					changeReason="header : name : updated&#10;"
					timestamp="2021-01-27T15:45:41.939+01:00" user="adm-flassakm" />
				<ConfigurationChange changeAction="MODIFY"
					changeReason="fields : Identifier : added, posno : added, matnrHead : added, maktxHead : added, zzaindexBom : added, werks : added, zzaindexHead : added, zzconfigFlagHead : added, sernpHead : added, matnrItem : added, maktxItem : added, zzaindexItem : added, zzconfigFlagItem : added, sernpItem : added, itemInPlant : added, configDummy : added, MsgLine : added, MsgType : added, MsgId : added, MsgNo : added, MsgV1 : added, MsgV2 : added, MsgV3 : added, MsgV4 : added, MsgTxt : added&#10;"
					timestamp="2021-01-27T15:50:39.752+01:00" user="adm-flassakm" />
			</ConfigurationChanges>
		</DataShape>
	</DataShapes>
</Entities>