<?xml version="1.0" encoding="UTF-8" standalone="no"?>
<Entities build="b2319" majorVersion="8" minorVersion="4"
	modelPersistenceProviderPackage="MssqlPersistenceProviderPackage"
	revision="4" schemaVersion="1041" universal="">
	<DataShapes>
		<DataShape baseDataShape="" description=""
			documentationContent="" homeMashup=""
			lastModifiedDate="2021-01-27T15:50:39.752+01:00"
			name="KBSAPComponentsCheckRailDataShape" projectName="TWX-Ext-KBsapConnector" tags="">
			<Owner name="adm-flassakm" type="User" />
			<avatar />
			<DesignTimePermissions>
				<Create />
				<Read />
				<Update />
				<Delete />
				<Metadata />
			</DesignTimePermissions>
			<RunTimePermissions />
			<VisibilityPermissions>
				<Visibility />
			</VisibilityPermissions>
			<ConfigurationTableDefinitions />
			<ConfigurationTables />
			<FieldDefinitions>
				<FieldDefinition aspect.isPrimaryKey="false"
					baseType="STRING" description="" name="configDummy" ordinal="16" />
				<FieldDefinition aspect.isPrimaryKey="false"
					baseType="STRING" description="" name="Identifier" ordinal="1" />
				<FieldDefinition aspect.isPrimaryKey="false"
					baseType="STRING" description="" name="itemInPlant" ordinal="15" />
				<FieldDefinition aspect.isPrimaryKey="false"
					baseType="STRING" description="" name="maktxHead" ordinal="4" />
				<FieldDefinition aspect.isPrimaryKey="false"
					baseType="STRING" description="" name="maktxItem" ordinal="11" />
				<FieldDefinition aspect.isPrimaryKey="false"
					baseType="STRING" description="" name="matnrHead" ordinal="3" />
				<FieldDefinition aspect.isPrimaryKey="false"
					baseType="STRING" description="" name="matnrItem" ordinal="10" />
				<FieldDefinition aspect.isPrimaryKey="false"
					baseType="STRING" description="" name="MsgId" ordinal="19" />
				<FieldDefinition aspect.isPrimaryKey="false"
					baseType="STRING" description="" name="MsgLine" ordinal="17" />
				<FieldDefinition aspect.isPrimaryKey="false"
					baseType="STRING" description="" name="MsgNo" ordinal="20" />
				<FieldDefinition aspect.isPrimaryKey="false"
					baseType="STRING" description="" name="MsgTxt" ordinal="25" />
				<FieldDefinition aspect.isPrimaryKey="false"
					baseType="STRING" description="" name="MsgType" ordinal="18" />
				<FieldDefinition aspect.isPrimaryKey="false"
					baseType="STRING" description="" name="MsgV1" ordinal="21" />
				<FieldDefinition aspect.isPrimaryKey="false"
					baseType="STRING" description="" name="MsgV2" ordinal="22" />
				<FieldDefinition aspect.isPrimaryKey="false"
					baseType="STRING" description="" name="MsgV3" ordinal="23" />
				<FieldDefinition aspect.isPrimaryKey="false"
					baseType="STRING" description="" name="MsgV4" ordinal="24" />
				<FieldDefinition aspect.isPrimaryKey="false"
					baseType="STRING" description="" name="posno" ordinal="2" />
				<FieldDefinition aspect.isPrimaryKey="false"
					baseType="STRING" description="" name="sernpHead" ordinal="9" />
				<FieldDefinition aspect.isPrimaryKey="false"
					baseType="STRING" description="" name="sernpItem" ordinal="14" />
				<FieldDefinition aspect.isPrimaryKey="false"
					baseType="STRING" description="" name="werks" ordinal="6" />
				<FieldDefinition aspect.isPrimaryKey="false"
					baseType="STRING" description="" name="zzaindexBom" ordinal="5" />
				<FieldDefinition aspect.isPrimaryKey="false"
					baseType="STRING" description="" name="zzaindexHead" ordinal="7" />
				<FieldDefinition aspect.isPrimaryKey="false"
					baseType="STRING" description="" name="zzaindexItem" ordinal="12" />
				<FieldDefinition aspect.isPrimaryKey="false"
					baseType="STRING" description="" name="zzconfigFlagHead"
					ordinal="8" />
				<FieldDefinition aspect.isPrimaryKey="false"
					baseType="STRING" description="" name="zzconfigFlagItem"
					ordinal="13" />
			</FieldDefinitions>
			<ConfigurationChanges>
				<ConfigurationChange changeAction="CREATE"
					changeReason="header : name : updated&#10;"
					timestamp="2021-01-27T15:45:41.939+01:00" user="adm-flassakm" />
				<ConfigurationChange changeAction="MODIFY"
					changeReason="fields : Identifier : added, posno : added, matnrHead : added, maktxHead : added, zzaindexBom : added, werks : added, zzaindexHead : added, zzconfigFlagHead : added, sernpHead : added, matnrItem : added, maktxItem : added, zzaindexItem : added, zzconfigFlagItem : added, sernpItem : added, itemInPlant : added, configDummy : added, MsgLine : added, MsgType : added, MsgId : added, MsgNo : added, MsgV1 : added, MsgV2 : added, MsgV3 : added, MsgV4 : added, MsgTxt : added&#10;"
					timestamp="2021-01-27T15:50:39.752+01:00" user="adm-flassakm" />
			</ConfigurationChanges>
		</DataShape>
	</DataShapes>
</Entities>