<?xml version="1.0" encoding="UTF-8" standalone="no"?>
<Entities build="b2319" majorVersion="8" minorVersion="4"
	modelPersistenceProviderPackage="MssqlPersistenceProviderPackage"
	revision="4" schemaVersion="1041" universal="">
	<DataShapes>
		<DataShape baseDataShape="" description=""
			documentationContent="" homeMashup=""
			lastModifiedDate="2021-01-27T15:50:39.752+01:00"
			name="KBSAPComponentsConfigurationRailDataShape" projectName="TWX-Ext-KBsapConnector" tags="">
			<Owner name="adm-flassakm" type="User" />
			<avatar />
			<DesignTimePermissions>
				<Create />
				<Read />
				<Update />
				<Delete />
				<Metadata />
			</DesignTimePermissions>
			<RunTimePermissions />
			<VisibilityPermissions>
				<Visibility />
			</VisibilityPermissions>
			<ConfigurationTableDefinitions />
			<ConfigurationTables />
			<FieldDefinitions>
				<FieldDefinition aspect.isPrimaryKey="false"
					baseType="STRING" description="" name="Head" ordinal="1" />
				<FieldDefinition aspect.isPrimaryKey="false"
					baseType="STRING" description="" name="Komat" ordinal="2" />
				<FieldDefinition aspect.isPrimaryKey="false"
					baseType="STRING" description="" name="Koser" ordinal="3" />
				<FieldDefinition aspect.isPrimaryKey="false"
					baseType="STRING" description="" name="Posmat" ordinal="4" />
				<FieldDefinition aspect.isPrimaryKey="false"
					baseType="STRING" description="" name="Poser" ordinal="5" />
				<FieldDefinition aspect.isPrimaryKey="false"
					baseType="STRING" description="" name="Batch" ordinal="6" />
				<FieldDefinition aspect.isPrimaryKey="false"
					baseType="STRING" description="" name="Zzwerks" ordinal="7" />
				<FieldDefinition aspect.isPrimaryKey="false"
					baseType="STRING" description="" name="Zzaeind" ordinal="8" />
				<FieldDefinition aspect.isPrimaryKey="false"
					baseType="STRING" description="" name="ZzmodifStat" ordinal="9" />
				<FieldDefinition aspect.isPrimaryKey="false"
					baseType="STRING" description="" name="ZzmountedBy" ordinal="10" />
				<FieldDefinition aspect.isPrimaryKey="false"
					baseType="STRING" description="" name="ZzapprovedBy" ordinal="11" />
				<FieldDefinition aspect.isPrimaryKey="false"
					baseType="STRING" description="" name="ZzcertifiedBy" ordinal="12" />
				<FieldDefinition aspect.isPrimaryKey="false"
					baseType="STRING" description="" name="Notice" ordinal="13" />
				<FieldDefinition aspect.isPrimaryKey="false"
					baseType="STRING" description="" name="Aufnr" ordinal="14" />
				<FieldDefinition aspect.isPrimaryKey="false"
					baseType="STRING" description="" name="MissingItems" ordinal="15" />
				<FieldDefinition aspect.isPrimaryKey="false"
					baseType="STRING" description="" name="FlError" ordinal="16" />
				<FieldDefinition aspect.isPrimaryKey="false"
					baseType="STRING" description="" name="Kyear" ordinal="17" />
				<FieldDefinition aspect.isPrimaryKey="false"
					baseType="STRING" description="" name="Kweek" ordinal="18" />
				<FieldDefinition aspect.isPrimaryKey="false"
					baseType="STRING" description="" name="Zzhsdat" ordinal="19" />
			</FieldDefinitions>
			<ConfigurationChanges>
			</ConfigurationChanges>
		</DataShape>
	</DataShapes>
</Entities>