<?xml version="1.0" encoding="UTF-8" standalone="no"?>
<Entities build="b97" majorVersion="8" minorVersion="4"
	modelPersistenceProviderPackage="MssqlPersistenceProviderPackage"
	revision="11" schemaVersion="1044" universal="">
	<ThingTemplates>
		<ThingTemplate aspect.isExtension="true"
			baseThingTemplate="KBGenericMSSQLDatabaseTemplate" description=""
			documentationContent="" effectiveThingPackage="DatabaseThing"
			homeMashup="" lastModifiedDate="2020-11-04T10:24:22.231+01:00"
			name="KBSAPThingWorxDatabaseTemplate" projectName="TWX-Ext-KBsapConnector"
			tags="KBThingWorxInstallationVocabulary:ExtensionSAPConnector"
			thingPackage="" valueStream="">
			<Owner name="SuperUser" type="User" />
			<avatar />
			<DesignTimePermissions>
				<Create />
				<Read />
				<Update />
				<Delete />
				<Metadata />
			</DesignTimePermissions>
			<RunTimePermissions />
			<VisibilityPermissions>
				<Visibility />
			</VisibilityPermissions>
			<ConfigurationTableDefinitions />
			<ConfigurationTables>
				<ConfigurationTable description="JDBC Settings"
					isMultiRow="false" name="ConnectionInfo" ordinal="0">
					<DataShape>
						<FieldDefinitions>
							<FieldDefinition
								aspect.defaultValue="SELECT NOW()" baseType="STRING"
								description="Connection test string/query"
								name="connectionValidationString" ordinal="2" />
							<FieldDefinition
								aspect.defaultValue="jdbc:mydb:/server:port/database?param=value"
								aspect.friendlyName="JDBC Connection String" baseType="STRING"
								description="JDBC Connection URL" name="jDBCConnectionURL"
								ordinal="1" />
							<FieldDefinition
								aspect.defaultValue="com.yourdatabase.yourDriver"
								aspect.friendlyName="JDBC Driver Class Name" baseType="STRING"
								description="JDBC Driver Class Name" name="jDBCDriverClass"
								ordinal="0" />
							<FieldDefinition aspect.defaultValue="5.0"
								aspect.friendlyName="Maxium Number of Connections"
								baseType="NUMBER"
								description="Maximum number of connections in the pool"
								name="maxConnections" ordinal="3" />
							<FieldDefinition
								aspect.friendlyName="Database Password" baseType="PASSWORD"
								description="Database password" name="password" ordinal="5" />
							<FieldDefinition
								aspect.friendlyName="Database User Name" baseType="STRING"
								description="Database user name" name="userName" ordinal="4" />
						</FieldDefinitions>
					</DataShape>
					<Rows>
						<Row>
							<connectionValidationString>
								<![CDATA[select GETDATE()]]>
							</connectionValidationString>
							<jDBCConnectionURL>
								<![CDATA[jdbc:sqlserver://host\\instance:1433;databaseName=name;applicationName=Thingworx;]]>
							</jDBCConnectionURL>
							<jDBCDriverClass>
								<![CDATA[com.microsoft.sqlserver.jdbc.SQLServerDriver]]>
							</jDBCDriverClass>
							<maxConnections>5.0</maxConnections>
							<password />
							<userName />
						</Row>
					</Rows>
				</ConfigurationTable>
				<ConfigurationTable
					description="Connection Monitoring Settings" isMultiRow="false"
					name="ConnectionMonitoring" ordinal="0">
					<DataShape>
						<FieldDefinitions>
							<FieldDefinition aspect.defaultValue="30000.0"
								aspect.friendlyName="Monitor Rate (seconds)" baseType="NUMBER"
								description="Monitor rate in milliseconds"
								name="connectionMonitorRate" ordinal="1" />
							<FieldDefinition aspect.defaultValue="false"
								aspect.friendlyName="Enable Monitoring" baseType="BOOLEAN"
								description="Enable connection monitoring" name="enableMonitor"
								ordinal="0" />
							<FieldDefinition aspect.defaultValue="1.0"
								aspect.friendlyName="Number of Retries" baseType="NUMBER"
								description="Number of retries" name="numberOfRetries"
								ordinal="2" />
							<FieldDefinition aspect.defaultValue="2000.0"
								aspect.friendlyName="Retry Delay (milliseconds)"
								baseType="NUMBER" description="Retry delay in milliseconds"
								name="retryDelay" ordinal="3" />
						</FieldDefinitions>
					</DataShape>
					<Rows>
						<Row>
							<connectionMonitorRate>30000.0</connectionMonitorRate>
							<enableMonitor>false</enableMonitor>
							<numberOfRetries>1.0</numberOfRetries>
							<retryDelay>2000.0</retryDelay>
						</Row>
					</Rows>
				</ConfigurationTable>
				<ConfigurationTable
					description="Field/Column Name Aliases" isMultiRow="true"
					name="ColumnAliases" ordinal="1">
					<DataShape>
						<FieldDefinitions>
							<FieldDefinition
								aspect.friendlyName="Database Column Name" baseType="STRING"
								description="Database column name" name="columnName" ordinal="0" />
							<FieldDefinition
								aspect.friendlyName="Thingworx Field Name" baseType="STRING"
								description="Thingworx field name" name="fieldName" ordinal="1" />
						</FieldDefinitions>
					</DataShape>
					<Rows />
				</ConfigurationTable>
			</ConfigurationTables>
			<PropertyBindings />
			<RemotePropertyBindings />
			<RemoteServiceBindings />
			<RemoteEventBindings />
			<AlertConfigurations />
			<ThingShape>
				<PropertyDefinitions />
				<ServiceDefinitions>
					<ServiceDefinition aspect.isAsync="false"
						category="" description="" isAllowOverride="false"
						isLocalOnly="false" isOpen="false" isPrivate="false"
						name="AddShiftDatasToDataTable">
						<ResultType baseType="INTEGER" description=""
							name="result" ordinal="0" />
						<ParameterDefinitions>
							<FieldDefinition
								aspect.dataShape="KBSAPPlannedWorkingTimeDataShape"
								baseType="INFOTABLE" description=""
								name="KBSAPPlannedWorkingTimeDataShape" ordinal="1" />
						</ParameterDefinitions>
					</ServiceDefinition>
					<ServiceDefinition aspect.isAsync="false"
						category="" description="" isAllowOverride="false"
						isLocalOnly="false" isOpen="false" isPrivate="false"
						name="AddShiftDataToDataTable">
						<ResultType baseType="NUMBER" description=""
							name="result" ordinal="0" />
						<ParameterDefinitions>
							<FieldDefinition baseType="DATETIME"
								description="" name="EndTime" ordinal="4" />
							<FieldDefinition baseType="STRING" description=""
								name="machine" ordinal="2" />
							<FieldDefinition baseType="STRING" description=""
								name="Name" ordinal="6" />
							<FieldDefinition baseType="STRING" description=""
								name="plant" ordinal="1" />
							<FieldDefinition baseType="STRING" description=""
								name="Qualifier" ordinal="5" />
							<FieldDefinition baseType="DATETIME"
								description="" name="StartTime" ordinal="3" />
							<FieldDefinition aspect.defaultValue="100.0"
								aspect.isRequired="false" baseType="NUMBER" description=""
								name="utilization" ordinal="7" />
						</ParameterDefinitions>
					</ServiceDefinition>
					<ServiceDefinition aspect.isAsync="false"
						category="" description="" isAllowOverride="false"
						isLocalOnly="false" isOpen="false" isPrivate="false"
						name="AddTimePerPartToDataTable">
						<ResultType baseType="NUMBER" description=""
							name="result" ordinal="0" />
						<ParameterDefinitions>
							<FieldDefinition baseType="STRING" description=""
								name="OrderNumber" ordinal="6" />
							<FieldDefinition aspect.units="sec"
								baseType="NUMBER" description="" name="TimePerPart" ordinal="2" />
							<FieldDefinition baseType="STRING" description=""
								name="TimeUnit" ordinal="3" />
							<FieldDefinition baseType="STRING" description=""
								name="Workcenter" ordinal="4" />
						</ParameterDefinitions>
					</ServiceDefinition>
					<ServiceDefinition aspect.isAsync="false"
						category="" description="" isAllowOverride="false"
						isLocalOnly="false" isOpen="false" isPrivate="false"
						name="DeleteShiftDatasFromDataTable">
						<ResultType baseType="NUMBER" description=""
							name="result" ordinal="0" />
						<ParameterDefinitions>
							<FieldDefinition baseType="DATETIME"
								description="" name="endDate" ordinal="2" />
							<FieldDefinition baseType="STRING" description=""
								name="plant" ordinal="3" />
							<FieldDefinition baseType="DATETIME"
								description="" name="startDate" ordinal="1" />
						</ParameterDefinitions>
					</ServiceDefinition>
					<ServiceDefinition aspect.isAsync="false"
						category="" description="" isAllowOverride="false"
						isLocalOnly="false" isOpen="false" isPrivate="false"
						name="GetPartsToConfirm">
						<ResultType baseType="INFOTABLE" description=""
							name="result" ordinal="0" />
						<ParameterDefinitions />
					</ServiceDefinition>
					<ServiceDefinition aspect.isAsync="false"
						category="" description="" isAllowOverride="false"
						isLocalOnly="false" isOpen="false" isPrivate="false"
						name="GetPmMessages">
						<ResultType baseType="INFOTABLE" description=""
							name="result" ordinal="0" />
						<ParameterDefinitions />
					</ServiceDefinition>
					<ServiceDefinition aspect.isAsync="false"
						category="" description="" isAllowOverride="false"
						isLocalOnly="false" isOpen="false" isPrivate="false"
						name="GetPMEventToSending">
						<ResultType baseType="INFOTABLE" description=""
							name="result" ordinal="0" />
						<ParameterDefinitions />
					</ServiceDefinition>
					<ServiceDefinition aspect.isAsync="false"
						category="" description="" isAllowOverride="false"
						isLocalOnly="false" isOpen="false" isPrivate="false"
						name="GetUpdatedMachineStatusDataFromDatabase">
						<ResultType baseType="INFOTABLE" description=""
							name="result" ordinal="0" />
						<ParameterDefinitions>
							<FieldDefinition baseType="STRING" description=""
								name="StatusType" ordinal="1" />
						</ParameterDefinitions>
					</ServiceDefinition>
					<ServiceDefinition aspect.isAsync="false"
						category="" description="" isAllowOverride="false"
						isLocalOnly="false" isOpen="false" isPrivate="false"
						name="UpdateMachineStatusDataProcessIdentirfier">
						<ResultType baseType="NUMBER" description=""
							name="result" ordinal="0" />
						<ParameterDefinitions>
							<FieldDefinition baseType="NUMBER" description=""
								name="Id" ordinal="1" />
							<FieldDefinition baseType="STRING" description=""
								name="Status" ordinal="2" />
						</ParameterDefinitions>
					</ServiceDefinition>
					<ServiceDefinition aspect.isAsync="false"
						category="" description="" isAllowOverride="false"
						isLocalOnly="false" isOpen="false" isPrivate="false"
						name="UpdateMachineStatusToCreated">
						<ResultType baseType="NUMBER" description=""
							name="result" ordinal="0" />
						<ParameterDefinitions>
							<FieldDefinition baseType="NUMBER" description=""
								name="Id" ordinal="1" />
						</ParameterDefinitions>
					</ServiceDefinition>
					<ServiceDefinition aspect.isAsync="false"
						category="" description="" isAllowOverride="false"
						isLocalOnly="false" isOpen="false" isPrivate="false"
						name="MarkPartAsConfirmed">
						<ResultType baseType="NUMBER" description=""
							name="result" ordinal="0" />
						<ParameterDefinitions>
							<FieldDefinition aspect.isRequired="true"
								baseType="LONG" description="" name="Id" ordinal="1" />
							<FieldDefinition aspect.isRequired="true"
								baseType="STRING" description="" name="SAPconfirmationResult"
								ordinal="2" />
						</ParameterDefinitions>
					</ServiceDefinition>
					<ServiceDefinition aspect.isAsync="false"
						category="" description="" isAllowOverride="false"
						isLocalOnly="false" isOpen="false" isPrivate="false"
						name="UpdateMachineStatusDataProcessIdentirfier">
						<ResultType baseType="NUMBER" description=""
							name="result" ordinal="0" />
						<ParameterDefinitions>
							<FieldDefinition baseType="NUMBER" description=""
								name="Id" ordinal="1" />
							<FieldDefinition baseType="STRING" description=""
								name="Status" ordinal="2" />
						</ParameterDefinitions>
					</ServiceDefinition>
					<ServiceDefinition aspect.isAsync="false"
						category="" description="" isAllowOverride="false"
						isLocalOnly="false" isOpen="false" isPrivate="false"
						name="MarkPmStatusAsSent">
						<ResultType baseType="NUMBER" description=""
							name="result" ordinal="0" />
						<ParameterDefinitions>
							<FieldDefinition aspect.isRequired="true"
								baseType="LONG" description="" name="Id" ordinal="1" />
							<FieldDefinition aspect.isRequired="true"
								baseType="STRING" description="" name="SapPmResult" ordinal="2" />
						</ParameterDefinitions>
					</ServiceDefinition>
					<ServiceDefinition aspect.isAsync="false"
						category="" description="" isAllowOverride="false"
						isLocalOnly="false" isOpen="false" isPrivate="false"
						name="UpdateTimePerPartAtDataTable">
						<ResultType baseType="NUMBER" description=""
							name="result" ordinal="0" />
						<ParameterDefinitions />
					</ServiceDefinition>
				</ServiceDefinitions>
				<EventDefinitions />
				<ServiceMappings />
				<ServiceImplementations>
					<ServiceImplementation description=""
						handlerName="Script" name="AddShiftDatasToDataTable">
						<ConfigurationTables>
							<ConfigurationTable description="Script"
								isMultiRow="false" name="Script" ordinal="0">
								<DataShape>
									<FieldDefinitions>
										<FieldDefinition baseType="STRING"
											description="code" name="code" ordinal="0" />
									</FieldDefinitions>
								</DataShape>
								<Rows>
									<Row>
										<code>
											<![CDATA[var result = 0;
//if (!KBSAPPlannedWorkingTimeDataShape === null) {
	for (var i = 0; i < KBSAPPlannedWorkingTimeDataShape.getRowCount(); i++) {
	
	
	if (KBSAPPlannedWorkingTimeDataShape.getRow(i).plant == "3916"){
		
		//End time		
		var timezone = Things["KBTimeHelperThing"].ServerTimeZone;
		var offset1 = Resources["KBThingWorxServerSystem"].GetTimeZoneOffsetInMinutesWithDate({
		timeZoneId: timezone /* STRING */,
		dateTime: KBSAPPlannedWorkingTimeDataShape.getRow(i).endTimestamp
		});
		
		var offset2 = Resources["KBThingWorxServerSystem"].GetTimeZoneOffsetInMinutesWithDate({
		timeZoneId: "America/Chicago" /* STRING */,
		dateTime: KBSAPPlannedWorkingTimeDataShape.getRow(i).endTimestamp
		});
		
		KBSAPPlannedWorkingTimeDataShape.getRow(i).endTimestamp = dateAddMinutes(KBSAPPlannedWorkingTimeDataShape.getRow(i).endTimestamp, -offset2+offset1);
				

		//Start time
		timezone = Things["KBTimeHelperThing"].ServerTimeZone;
		offset1 = Resources["KBThingWorxServerSystem"].GetTimeZoneOffsetInMinutesWithDate({
		timeZoneId: timezone /* STRING */,
		dateTime: KBSAPPlannedWorkingTimeDataShape.getRow(i).startTimestamp
		});
		
		offset2 = Resources["KBThingWorxServerSystem"].GetTimeZoneOffsetInMinutesWithDate({
		timeZoneId: "America/Chicago" /* STRING */,
		dateTime: KBSAPPlannedWorkingTimeDataShape.getRow(i).startTimestamp
		});
		
		KBSAPPlannedWorkingTimeDataShape.getRow(i).startTimestamp = dateAddMinutes(KBSAPPlannedWorkingTimeDataShape.getRow(i).startTimestamp, -offset2+offset1);
	}
	
	if (KBSAPPlannedWorkingTimeDataShape.getRow(i).plant == "3131" || KBSAPPlannedWorkingTimeDataShape.getRow(i).plant == "313A"){
		
		//End time		
		var timezone = Things["KBTimeHelperThing"].ServerTimeZone;
		var offset1 = Resources["KBThingWorxServerSystem"].GetTimeZoneOffsetInMinutesWithDate({
		timeZoneId: timezone /* STRING */,
		dateTime: KBSAPPlannedWorkingTimeDataShape.getRow(i).endTimestamp
		});
		
		var offset2 = Resources["KBThingWorxServerSystem"].GetTimeZoneOffsetInMinutesWithDate({
		timeZoneId: "America/Matamoros" /* STRING */,
		dateTime: KBSAPPlannedWorkingTimeDataShape.getRow(i).endTimestamp
		});
		
		KBSAPPlannedWorkingTimeDataShape.getRow(i).endTimestamp = dateAddMinutes(KBSAPPlannedWorkingTimeDataShape.getRow(i).endTimestamp, -offset2+offset1);
				

		//Start time
		timezone = Things["KBTimeHelperThing"].ServerTimeZone;
		offset1 = Resources["KBThingWorxServerSystem"].GetTimeZoneOffsetInMinutesWithDate({
		timeZoneId: timezone /* STRING */,
		dateTime: KBSAPPlannedWorkingTimeDataShape.getRow(i).startTimestamp
		});
		
		offset2 = Resources["KBThingWorxServerSystem"].GetTimeZoneOffsetInMinutesWithDate({
		timeZoneId: "America/Matamoros" /* STRING */,
		dateTime: KBSAPPlannedWorkingTimeDataShape.getRow(i).startTimestamp
		});
		
		KBSAPPlannedWorkingTimeDataShape.getRow(i).startTimestamp = dateAddMinutes(KBSAPPlannedWorkingTimeDataShape.getRow(i).startTimestamp, -offset2+offset1);
	}

	if (KBSAPPlannedWorkingTimeDataShape.getRow(i).plant == "3761"){
		
		//End time		
		var timezone = Things["KBTimeHelperThing"].ServerTimeZone;
		var offset1 = Resources["KBThingWorxServerSystem"].GetTimeZoneOffsetInMinutesWithDate({
		timeZoneId: timezone /* STRING */,
		dateTime: KBSAPPlannedWorkingTimeDataShape.getRow(i).endTimestamp
		});
		
		var offset2 = Resources["KBThingWorxServerSystem"].GetTimeZoneOffsetInMinutesWithDate({
		timeZoneId: "Asia/Kolkata" /* STRING */,
		dateTime: KBSAPPlannedWorkingTimeDataShape.getRow(i).endTimestamp
		});
		
		KBSAPPlannedWorkingTimeDataShape.getRow(i).endTimestamp = dateAddMinutes(KBSAPPlannedWorkingTimeDataShape.getRow(i).endTimestamp, -offset2+offset1);
				

		//Start time
		timezone = Things["KBTimeHelperThing"].ServerTimeZone;
		offset1 = Resources["KBThingWorxServerSystem"].GetTimeZoneOffsetInMinutesWithDate({
		timeZoneId: timezone /* STRING */,
		dateTime: KBSAPPlannedWorkingTimeDataShape.getRow(i).startTimestamp
		});
		
		offset2 = Resources["KBThingWorxServerSystem"].GetTimeZoneOffsetInMinutesWithDate({
		timeZoneId: "Asia/Kolkata" /* STRING */,
		dateTime: KBSAPPlannedWorkingTimeDataShape.getRow(i).startTimestamp
		});
		
		KBSAPPlannedWorkingTimeDataShape.getRow(i).startTimestamp = dateAddMinutes(KBSAPPlannedWorkingTimeDataShape.getRow(i).startTimestamp, -offset2+offset1);
	}
	
	    
	    var params = {
	        EndTime: KBSAPPlannedWorkingTimeDataShape.getRow(i).endTimestamp /* DATETIME */,
	        machine: KBSAPPlannedWorkingTimeDataShape.getRow(i).resName /* STRING */,
	        plant: KBSAPPlannedWorkingTimeDataShape.getRow(i).plant /* STRING */,
	        StartTime: KBSAPPlannedWorkingTimeDataShape.getRow(i).startTimestamp /* DATETIME */,
	        Qualifier: KBSAPPlannedWorkingTimeDataShape.getRow(i).qualifier /* STRING */,
	        Name: KBSAPPlannedWorkingTimeDataShape.getRow(i).timeInt /* STRING */,
	        utilization: KBSAPPlannedWorkingTimeDataShape.getRow(i).utilization
	    };
	    logger.warn(me.name+" AddShiftDatasToDataTable: AddShiftDataToDataTable: endTimestamp "+KBSAPPlannedWorkingTimeDataShape.getRow(i).endTimestamp);
	    logger.debug(me.name+" AddShiftDatasToDataTable: AddShiftDataToDataTable: resName "+KBSAPPlannedWorkingTimeDataShape.getRow(i).resName);
	    logger.warn(me.name+" AddShiftDatasToDataTable: AddShiftDataToDataTable: plant "+KBSAPPlannedWorkingTimeDataShape.getRow(i).plant);
	    logger.warn(me.name+" AddShiftDatasToDataTable: AddShiftDataToDataTable: startTimestamp "+KBSAPPlannedWorkingTimeDataShape.getRow(i).startTimestamp);
	    logger.debug(me.name+" AddShiftDatasToDataTable: AddShiftDataToDataTable: qualifier "+KBSAPPlannedWorkingTimeDataShape.getRow(i).qualifier);
	    logger.debug(me.name+" AddShiftDatasToDataTable: AddShiftDataToDataTable: timeInt "+KBSAPPlannedWorkingTimeDataShape.getRow(i).timeInt);
	
	    // result: NUMBER
	    try {
	    	result += me.AddShiftDataToDataTable(params);
		} catch(err) {
			logger.error(me.name+" AddShiftDatasToDataTable: AddShiftDataToDataTable: " + err);
		}
	}
//}
]]>
										</code>
									</Row>
								</Rows>
							</ConfigurationTable>
						</ConfigurationTables>
					</ServiceImplementation>
					<ServiceImplementation description=""
						handlerName="SQLCommand" name="AddShiftDataToDataTable">
						<ConfigurationTables>
							<ConfigurationTable description="SQLCommand"
								isMultiRow="false" name="Query" ordinal="0">
								<DataShape>
									<FieldDefinitions>
										<FieldDefinition baseType="NUMBER"
											description="maxItems" name="maxItems" ordinal="0" />
										<FieldDefinition baseType="STRING"
											description="sql" name="sql" ordinal="0" />
										<FieldDefinition baseType="NUMBER"
											description="timeout" name="timeout" ordinal="0" />
									</FieldDefinitions>
								</DataShape>
								<Rows>
									<Row>
										<maxItems>500.0</maxItems>
										<sql>
											<![CDATA[
--begin transaction;
--SET IMPLICIT_TRANSACTIONS OFF;

insert into shiftCalendar (Plant, Machine, StartTime, EndTime, Qualifier, Name, Machine_Full_Name, Utilization) 
select 
[[plant]], SUBSTRING([[machine]],2, CHARINDEX('_'+[[plant]]+'_',[[machine]])-2), [[StartTime]], [[EndTime]], [[Qualifier]], [[Name]], [[machine]], [[utilization]]
where [[machine]] is not null
and CHARINDEX('_'+[[plant]]+'_',[[machine]]) > 1
and LEN([[machine]]) > 1
union
select 
[[plant]], [[machine]], [[StartTime]], [[EndTime]], [[Qualifier]], [[Name]], [[machine]], [[utilization]]
where [[machine]] is null
or CHARINDEX('_'+[[plant]]+'_',[[machine]]) <= 1
or LEN([[machine]]) <= 1;

--commit transaction;
]]>
										</sql>
										<timeout>60.0</timeout>
									</Row>
								</Rows>
							</ConfigurationTable>
						</ConfigurationTables>
					</ServiceImplementation>
					<ServiceImplementation description=""
						handlerName="SQLCommand"
						name="UpdateMachineStatusDataProcessIdentirfier">
						<ConfigurationTables>
							<ConfigurationTable description="SQLCommand"
								isMultiRow="false" name="Query" ordinal="0">
								<DataShape>
									<FieldDefinitions>
										<FieldDefinition baseType="NUMBER"
											description="maxItems" name="maxItems" ordinal="0" />
										<FieldDefinition baseType="STRING"
											description="sql" name="sql" ordinal="0" />
										<FieldDefinition baseType="NUMBER"
											description="timeout" name="timeout" ordinal="0" />
									</FieldDefinitions>
								</DataShape>
								<Rows>
									<Row>
										<maxItems>500.0</maxItems>
										<sql>
											<![CDATA[--SET IMPLICIT_TRANSACTIONS OFF;
update [smartKPIMachineStatusData] set [SubStatus]=[[Status]] where [Id] = [[Id]];]]>
										</sql>
										<timeout>60.0</timeout>
									</Row>
								</Rows>
							</ConfigurationTable>
						</ConfigurationTables>
					</ServiceImplementation>
					<ServiceImplementation description=""
						handlerName="SQLQuery" name="GetPMEventToSending">
						<ConfigurationTables>
							<ConfigurationTable description="SQLQuery"
								isMultiRow="false" name="Query" ordinal="0">
								<DataShape>
									<FieldDefinitions>
										<FieldDefinition baseType="NUMBER"
											description="maxItems" name="maxItems" ordinal="0" />
										<FieldDefinition baseType="STRING"
											description="sql" name="sql" ordinal="0" />
										<FieldDefinition baseType="NUMBER"
											description="timeout" name="timeout" ordinal="0" />
									</FieldDefinitions>
								</DataShape>
								<Rows>
									<Row>
										<maxItems>500.0</maxItems>
										<sql>
											<![CDATA[  SELECT [StatusType], [SubStatus],[description],[Id],[StatusTime],[Machine],[Status]
  FROM [smartKPIMachineStatusData] -- where [StatusType]='SAP PM' and [SubStatus]='Created']]>
										</sql>
										<timeout>60.0</timeout>
									</Row>
								</Rows>
							</ConfigurationTable>
						</ConfigurationTables>
					</ServiceImplementation>
					<ServiceImplementation description=""
						handlerName="SQLQuery"
						name="GetUpdatedMachineStatusDataFromDatabase">
						<ConfigurationTables>
							<ConfigurationTable description="SQLQuery"
								isMultiRow="false" name="Query" ordinal="0">
								<DataShape>
									<FieldDefinitions>
										<FieldDefinition baseType="NUMBER"
											description="maxItems" name="maxItems" ordinal="0" />
										<FieldDefinition baseType="STRING"
											description="sql" name="sql" ordinal="0" />
										<FieldDefinition baseType="NUMBER"
											description="timeout" name="timeout" ordinal="0" />
									</FieldDefinitions>
								</DataShape>
								<Rows>
									<Row>
										<maxItems>500.0</maxItems>
										<sql>
											<![CDATA[SELECT TOP(15) [Id]
	  ,[Machine]
      ,[StatusTime]
      ,[Status]
      ,[SubStatus]
      ,[description]
  FROM [smartKPIMachineStatusData]
  where [StatusType] = convert(varchar(255), [[StatusType]])
  order by StatusTime asc
  ]]>
										</sql>
										<timeout>60.0</timeout>
									</Row>
								</Rows>
							</ConfigurationTable>
						</ConfigurationTables>
					</ServiceImplementation>
					<ServiceImplementation description=""
						handlerName="SQLCommand"
						name="UpdateMachineStatusDataProcessIdentirfier">
						<ConfigurationTables>
							<ConfigurationTable description="SQLCommand"
								isMultiRow="false" name="Query" ordinal="0">
								<DataShape>
									<FieldDefinitions>
										<FieldDefinition baseType="NUMBER"
											description="maxItems" name="maxItems" ordinal="0" />
										<FieldDefinition baseType="STRING"
											description="sql" name="sql" ordinal="0" />
										<FieldDefinition baseType="NUMBER"
											description="timeout" name="timeout" ordinal="0" />
									</FieldDefinitions>
								</DataShape>
								<Rows>
									<Row>
										<maxItems>500.0</maxItems>
										<sql>
											<![CDATA[--SET IMPLICIT_TRANSACTIONS OFF;
update [smartKPIMachineStatusData] set [SubStatus]=[[Status]] where [Id] = [[Id]];]]>
										</sql>
										<timeout>60.0</timeout>
									</Row>
								</Rows>
							</ConfigurationTable>
						</ConfigurationTables>
					</ServiceImplementation>
					<ServiceImplementation description=""
						handlerName="SQLCommand" name="UpdateMachineStatusToCreated">
						<ConfigurationTables>
							<ConfigurationTable description="SQLCommand"
								isMultiRow="false" name="Query" ordinal="0">
								<DataShape>
									<FieldDefinitions>
										<FieldDefinition baseType="NUMBER"
											description="maxItems" name="maxItems" ordinal="0" />
										<FieldDefinition baseType="STRING"
											description="sql" name="sql" ordinal="0" />
										<FieldDefinition baseType="NUMBER"
											description="timeout" name="timeout" ordinal="0" />
									</FieldDefinitions>
								</DataShape>
								<Rows>
									<Row>
										<maxItems>500.0</maxItems>
										<sql>
											<![CDATA[--SET IMPLICIT_TRANSACTIONS OFF;
update [smartKPIMachineStatusData] set [SubStatus] = 'Created' where [Id] = [[Id]];]]>
										</sql>
										<timeout>60.0</timeout>
									</Row>
								</Rows>
							</ConfigurationTable>
						</ConfigurationTables>
					</ServiceImplementation>
					<ServiceImplementation description=""
						handlerName="SQLCommand" name="AddTimePerPartToDataTable">
						<ConfigurationTables>
							<ConfigurationTable description="SQLQuery"
								isMultiRow="false" name="Query" ordinal="0">
								<DataShape>
									<FieldDefinitions>
										<FieldDefinition baseType="NUMBER"
											description="maxItems" name="maxItems" ordinal="0" />
										<FieldDefinition baseType="STRING"
											description="sql" name="sql" ordinal="0" />
										<FieldDefinition baseType="NUMBER"
											description="timeout" name="timeout" ordinal="0" />
									</FieldDefinitions>
								</DataShape>
								<Rows>
									<Row>
										<maxItems>500.0</maxItems>
										<sql>
											<![CDATA[
--begin transaction;
--SET IMPLICIT_TRANSACTIONS OFF;

insert into [SAPTimePerPart] ([orderNumber], [orderNumberShort])
select [[OrderNumber]], REPLACE(LTRIM(REPLACE([[OrderNumber]], '0', ' ')), ' ', '0')
where not exists 
	(select 'ok' from [SAPTimePerPart] 
     where [orderNumber] = [[OrderNumber]]);
     
update [SAPTimePerPart] 
	set [timePerPartFromSAP] = [[TimePerPart]], 
    	[timeUnit] = [[TimeUnit]],
      	[timePerPartInSec] = [[TimePerPart]], 
      	[Workcenter] = [[Workcenter]]
    where [orderNumber] = [[OrderNumber]]
	and 'MIN' != [[TimeUnit]];

update [SAPTimePerPart] 
	set [timePerPartFromSAP] = [[TimePerPart]], 
    	[timeUnit] = [[TimeUnit]],
      	[timePerPartInSec] = [[TimePerPart]] * 60, 
      	[Workcenter] = [[Workcenter]]
    where [orderNumber] = [[OrderNumber]]
	and 'MIN' = [[TimeUnit]];
    
--commit transaction;    
]]>
										</sql>
										<timeout>60.0</timeout>
									</Row>
								</Rows>
							</ConfigurationTable>
						</ConfigurationTables>
					</ServiceImplementation>
					<ServiceImplementation description=""
						handlerName="SQLCommand" name="DeleteShiftDatasFromDataTable">
						<ConfigurationTables>
							<ConfigurationTable description="SQLCommand"
								isMultiRow="false" name="Query" ordinal="0">
								<DataShape>
									<FieldDefinitions>
										<FieldDefinition baseType="NUMBER"
											description="maxItems" name="maxItems" ordinal="0" />
										<FieldDefinition baseType="STRING"
											description="sql" name="sql" ordinal="0" />
										<FieldDefinition baseType="NUMBER"
											description="timeout" name="timeout" ordinal="0" />
									</FieldDefinitions>
								</DataShape>
								<Rows>
									<Row>
										<maxItems>500.0</maxItems>
										<sql>
											<![CDATA[
--begin transaction;
--SET IMPLICIT_TRANSACTIONS OFF;

delete from shiftCalendar
where Plant = [[plant]]
and StartTime >= [[startDate]]
and StartTime <= [[endDate]];

--commit transaction;
]]>
										</sql>
										<timeout>60.0</timeout>
									</Row>
								</Rows>
							</ConfigurationTable>
						</ConfigurationTables>
					</ServiceImplementation>
					<ServiceImplementation description=""
						handlerName="SQLQuery" name="GetPartsToConfirm">
						<ConfigurationTables>
							<ConfigurationTable description="SQLQuery"
								isMultiRow="false" name="Query" ordinal="0">
								<DataShape>
									<FieldDefinitions>
										<FieldDefinition baseType="NUMBER"
											description="maxItems" name="maxItems" ordinal="0" />
										<FieldDefinition baseType="STRING"
											description="sql" name="sql" ordinal="0" />
										<FieldDefinition baseType="NUMBER"
											description="timeout" name="timeout" ordinal="0" />
									</FieldDefinitions>
								</DataShape>
								<Rows>
									<Row>
										<maxItems>99999999.0</maxItems>
										<sql>
											<![CDATA[exec GetPartsToConfirm;]]>
										</sql>
										<timeout>60.0</timeout>
									</Row>
								</Rows>
							</ConfigurationTable>
						</ConfigurationTables>
					</ServiceImplementation>
					<ServiceImplementation description=""
						handlerName="SQLQuery" name="GetPmMessages">
						<ConfigurationTables>
							<ConfigurationTable description="SQLQuery"
								isMultiRow="false" name="Query" ordinal="0">
								<DataShape>
									<FieldDefinitions>
										<FieldDefinition baseType="NUMBER"
											description="maxItems" name="maxItems" ordinal="0" />
										<FieldDefinition baseType="STRING"
											description="sql" name="sql" ordinal="0" />
										<FieldDefinition baseType="NUMBER"
											description="timeout" name="timeout" ordinal="0" />
									</FieldDefinitions>
								</DataShape>
								<Rows>
									<Row>
										<maxItems>500.0</maxItems>
										<sql>
											<![CDATA[exec GetPmMessages;]]>
										</sql>
										<timeout>60.0</timeout>
									</Row>
								</Rows>
							</ConfigurationTable>
						</ConfigurationTables>
					</ServiceImplementation>
					<ServiceImplementation description=""
						handlerName="SQLCommand" name="MarkPartAsConfirmed">
						<ConfigurationTables>
							<ConfigurationTable description="SQLCommand"
								isMultiRow="false" name="Query" ordinal="0">
								<DataShape>
									<FieldDefinitions>
										<FieldDefinition baseType="NUMBER"
											description="maxItems" name="maxItems" ordinal="0" />
										<FieldDefinition baseType="STRING"
											description="sql" name="sql" ordinal="0" />
										<FieldDefinition baseType="NUMBER"
											description="timeout" name="timeout" ordinal="0" />
									</FieldDefinitions>
								</DataShape>
								<Rows>
									<Row>
										<maxItems>500.0</maxItems>
										<sql>
											<![CDATA[  update [smartKPI]
  set confirmedToSAP = 1, SAPconfirmationResult = [[SAPconfirmationResult]], isUpdated = 1
  where Id = [[Id]]]]>
										</sql>
										<timeout>60.0</timeout>
									</Row>
								</Rows>
							</ConfigurationTable>
						</ConfigurationTables>
					</ServiceImplementation>
					<ServiceImplementation description=""
						handlerName="SQLCommand" name="MarkPmStatusAsSent">
						<ConfigurationTables>
							<ConfigurationTable description="SQLCommand"
								isMultiRow="false" name="Query" ordinal="0">
								<DataShape>
									<FieldDefinitions>
										<FieldDefinition baseType="NUMBER"
											description="maxItems" name="maxItems" ordinal="0" />
										<FieldDefinition baseType="STRING"
											description="sql" name="sql" ordinal="0" />
										<FieldDefinition baseType="NUMBER"
											description="timeout" name="timeout" ordinal="0" />
									</FieldDefinitions>
								</DataShape>
								<Rows>
									<Row>
										<maxItems>500.0</maxItems>
										<sql>
											<![CDATA[  update [smartKPIMachineStatusData]
  set [description] = [description]+[[SapPmResult]], [SubStatus]='Processed'
  where Id = [[Id]]]]>
										</sql>
										<timeout>60.0</timeout>
									</Row>
								</Rows>
							</ConfigurationTable>
						</ConfigurationTables>
					</ServiceImplementation>
					<ServiceImplementation description=""
						handlerName="SQLCommand" name="UpdateTimePerPartAtDataTable">
						<ConfigurationTables>
							<ConfigurationTable description="SQLQuery"
								isMultiRow="false" name="Query" ordinal="0">
								<DataShape>
									<FieldDefinitions>
										<FieldDefinition baseType="NUMBER"
											description="maxItems" name="maxItems" ordinal="0" />
										<FieldDefinition baseType="STRING"
											description="sql" name="sql" ordinal="0" />
										<FieldDefinition baseType="NUMBER"
											description="timeout" name="timeout" ordinal="0" />
									</FieldDefinitions>
								</DataShape>
								<Rows>
									<Row>
										<maxItems>500.0</maxItems>
										<sql>
											<![CDATA[
--begin transaction;
--SET IMPLICIT_TRANSACTIONS OFF;

update smartKPI set smartKPI.timePerPartSec = V_SAPTimePerPart.timePerPartInSec
from V_SAPTimePerPart
where smartKPI.OrderNumber = V_SAPTimePerPart.orderNumberShort
and smartKPI.timePerPartSec is null;

--commit transaction;
]]>
										</sql>
										<timeout>300.0</timeout>
									</Row>
								</Rows>
							</ConfigurationTable>
						</ConfigurationTables>
					</ServiceImplementation>
				</ServiceImplementations>
				<Subscriptions />
			</ThingShape>
			<ImplementedShapes />
			<SharedConfigurationTables />
			<InstanceDesignTimePermissions>
				<Create />
				<Read />
				<Update />
				<Delete />
				<Metadata />
			</InstanceDesignTimePermissions>
			<InstanceRunTimePermissions />
			<InstanceVisibilityPermissions>
				<Visibility>
					<Principal isPermitted="true"
						name="KBSAPServiceOrganization" type="Organization" />
				</Visibility>
			</InstanceVisibilityPermissions>
			<ConfigurationChanges>
				<ConfigurationChange changeAction="CREATE"
					changeReason="header : name : updated&#10;"
					timestamp="2017-10-12T12:58:08.280+02:00" user="adm-flassakm" />
				<ConfigurationChange changeAction="CREATE"
					changeReason="Importing Extension Package Metadata"
					timestamp="2020-11-04T10:24:22.231+01:00" user="SuperUser" />
			</ConfigurationChanges>
		</ThingTemplate>
	</ThingTemplates>
</Entities>