<?xml version="1.0" encoding="UTF-8" standalone="no"?>
<Entities build="b97" majorVersion="8" minorVersion="4"
	modelPersistenceProviderPackage="MssqlPersistenceProviderPackage"
	revision="11" schemaVersion="1044" universal="">
	<Things>
		<Thing aspect.isExtension="true" description=""
			documentationContent="" effectiveThingPackage="TimerThing"
			enabled="true" homeMashup="" identifier=""
			lastModifiedDate="2020-11-04T10:24:22.247+01:00"
			name="KBSAPProcessingTimer" projectName="TWX-Ext-KBsapConnector"
			published="false"
			tags="KBThingWorxInstallationVocabulary:ExtensionSmartKPI"
			thingTemplate="Timer" valueStream="">
			<Owner name="SuperUser" type="User" />
			<avatar />
			<DesignTimePermissions>
				<Create />
				<Read />
				<Update />
				<Delete />
				<Metadata />
			</DesignTimePermissions>
			<RunTimePermissions />
			<VisibilityPermissions>
				<Visibility />
			</VisibilityPermissions>
			<ConfigurationTableDefinitions />
			<ConfigurationTables>
				<ConfigurationTable
					description="General Settings" isMultiRow="false" name="Settings"
					ordinal="0">
					<DataShape>
						<FieldDefinitions>
							<FieldDefinition aspect.defaultValue="true"
								baseType="BOOLEAN"
								description="Automatically enable timer on startup"
								name="enabled" ordinal="0" />
							<FieldDefinition baseType="USERNAME"
								description="User context in which to run event handlers"
								name="runAsUser" ordinal="0" />
							<FieldDefinition aspect.defaultValue="60000.0"
								baseType="NUMBER" description="Update rate" name="updateRate"
								ordinal="0" />
						</FieldDefinitions>
					</DataShape>
					<Rows>
						<Row>
							<enabled>true</enabled>
							<runAsUser>
								<![CDATA[Administrator]]>
							</runAsUser>
							<updateRate>1000.0</updateRate>
						</Row>
					</Rows>
				</ConfigurationTable>
			</ConfigurationTables>
			<ThingShape>
				<PropertyDefinitions>
					<PropertyDefinition aspect.cacheTime="0.0"
						aspect.dataChangeType="VALUE" aspect.defaultValue="true"
						aspect.isLogged="false" aspect.isPersistent="false"
						aspect.isReadOnly="false" baseType="BOOLEAN" category=""
						description="" isLocalOnly="false" name="doProcessingCVS"
						ordinal="4" />
					<PropertyDefinition aspect.cacheTime="0.0"
						aspect.dataChangeType="VALUE" aspect.defaultValue="true"
						aspect.isLogged="false" aspect.isPersistent="false"
						aspect.isReadOnly="false" baseType="BOOLEAN" category=""
						description="" isLocalOnly="false" name="doProcessingCVSPM"
						ordinal="4" />
					<PropertyDefinition aspect.cacheTime="0.0"
						aspect.dataChangeType="VALUE" aspect.defaultValue="true"
						aspect.isLogged="false" aspect.isPersistent="false"
						aspect.isReadOnly="false" baseType="BOOLEAN" category=""
						description="" isLocalOnly="false" name="doProcessingRail"
						ordinal="5" />
					<PropertyDefinition aspect.cacheTime="0.0"
						aspect.dataChangeType="VALUE" aspect.defaultValue="false"
						aspect.isLogged="false" aspect.isPersistent="false"
						aspect.isReadOnly="false" baseType="BOOLEAN" category=""
						description="" isLocalOnly="false"
						name="KBCVSSAPDataBufferProcessorIsRunning" ordinal="1" />
					<PropertyDefinition aspect.cacheTime="0.0"
						aspect.dataChangeType="VALUE" aspect.defaultValue="false"
						aspect.isLogged="false" aspect.isPersistent="false"
						aspect.isReadOnly="false" baseType="BOOLEAN" category=""
						description="" isLocalOnly="false"
						name="KBCVSSAPDataBufferProcessor1IsRunning" ordinal="11" />
					<PropertyDefinition aspect.cacheTime="0.0"
						aspect.dataChangeType="VALUE" aspect.defaultValue="false"
						aspect.isLogged="false" aspect.isPersistent="false"
						aspect.isReadOnly="false" baseType="BOOLEAN" category=""
						description="" isLocalOnly="false"
						name="KBCVSSAPDataBufferProcessor2IsRunning" ordinal="21" />
					<PropertyDefinition aspect.cacheTime="0.0"
						aspect.dataChangeType="VALUE" aspect.defaultValue="false"
						aspect.isLogged="false" aspect.isPersistent="false"
						aspect.isReadOnly="false" baseType="BOOLEAN" category=""
						description="" isLocalOnly="false"
						name="KBCVSSAPDataBufferProcessor3IsRunning" ordinal="31" />
					<PropertyDefinition aspect.cacheTime="0.0"
						aspect.dataChangeType="VALUE" aspect.defaultValue="false"
						aspect.isLogged="false" aspect.isPersistent="false"
						aspect.isReadOnly="false" baseType="BOOLEAN" category=""
						description="" isLocalOnly="false"
						name="KBCVSSAPDataBufferProcessor4IsRunning" ordinal="41" />
					<PropertyDefinition aspect.cacheTime="0.0"
						aspect.dataChangeType="VALUE" aspect.defaultValue="false"
						aspect.isLogged="false" aspect.isPersistent="false"
						aspect.isReadOnly="false" baseType="BOOLEAN" category=""
						description="" isLocalOnly="false"
						name="KBCVSSAPDataBufferProcessor5IsRunning" ordinal="51" />
					<PropertyDefinition aspect.cacheTime="0.0"
						aspect.dataChangeType="VALUE" aspect.defaultValue="false"
						aspect.isLogged="false" aspect.isPersistent="false"
						aspect.isReadOnly="false" baseType="BOOLEAN" category=""
						description="" isLocalOnly="false"
						name="KBCVSSAPDataBufferProcessor6IsRunning" ordinal="61" />
					<PropertyDefinition aspect.cacheTime="0.0"
						aspect.dataChangeType="VALUE" aspect.defaultValue="false"
						aspect.isLogged="false" aspect.isPersistent="false"
						aspect.isReadOnly="false" baseType="BOOLEAN" category=""
						description="" isLocalOnly="false"
						name="KBCVSSAPDataBufferProcessor7IsRunning" ordinal="71" />
					<PropertyDefinition aspect.cacheTime="0.0"
						aspect.dataChangeType="VALUE" aspect.defaultValue="false"
						aspect.isLogged="false" aspect.isPersistent="false"
						aspect.isReadOnly="false" baseType="BOOLEAN" category=""
						description="" isLocalOnly="false"
						name="KBCVSSAPDataBufferProcessor8IsRunning" ordinal="81" />
					<PropertyDefinition aspect.cacheTime="0.0"
						aspect.dataChangeType="VALUE" aspect.defaultValue="false"
						aspect.isLogged="false" aspect.isPersistent="false"
						aspect.isReadOnly="false" baseType="BOOLEAN" category=""
						description="" isLocalOnly="false"
						name="KBCVSSAPDataBufferProcessor9IsRunning" ordinal="91" />
					<PropertyDefinition aspect.cacheTime="0.0"
						aspect.dataChangeType="VALUE" aspect.defaultValue="false"
						aspect.isLogged="false" aspect.isPersistent="false"
						aspect.isReadOnly="false" baseType="BOOLEAN" category=""
						description="" isLocalOnly="false"
						name="KBCVSSAPDataBufferProcessor0IsRunning" ordinal="101" />
					<PropertyDefinition aspect.cacheTime="0.0"
						aspect.dataChangeType="VALUE" aspect.defaultValue="false"
						aspect.isLogged="false" aspect.isPersistent="false"
						aspect.isReadOnly="false" baseType="BOOLEAN" category=""
						description="" isLocalOnly="false"
						name="KBRailSAPConfirmationProcessorIsRunning" ordinal="3" />
					<PropertyDefinition aspect.cacheTime="0.0"
						aspect.dataChangeType="VALUE" aspect.defaultValue="false"
						aspect.isLogged="false" aspect.isPersistent="false"
						aspect.isReadOnly="false" baseType="BOOLEAN" category=""
						description="" isLocalOnly="false"
						name="KBRailSAPDataBufferProcessorIsRunning" ordinal="2" />
					<PropertyDefinition aspect.cacheTime="0.0"
						aspect.dataChangeType="VALUE" aspect.defaultValue="false"
						aspect.isLogged="false" aspect.isPersistent="false"
						aspect.isReadOnly="false" baseType="BOOLEAN" category=""
						description="" isLocalOnly="false"
						name="KBRailSAPDataBufferProcessor1IsRunning" ordinal="12" />
					<PropertyDefinition aspect.cacheTime="0.0"
						aspect.dataChangeType="VALUE" aspect.defaultValue="false"
						aspect.isLogged="false" aspect.isPersistent="false"
						aspect.isReadOnly="false" baseType="BOOLEAN" category=""
						description="" isLocalOnly="false"
						name="KBRailSAPDataBufferProcessor2IsRunning" ordinal="22" />
					<PropertyDefinition aspect.cacheTime="0.0"
						aspect.dataChangeType="VALUE" aspect.defaultValue="false"
						aspect.isLogged="false" aspect.isPersistent="false"
						aspect.isReadOnly="false" baseType="BOOLEAN" category=""
						description="" isLocalOnly="false"
						name="KBRailSAPDataBufferProcessor3IsRunning" ordinal="32" />
					<PropertyDefinition aspect.cacheTime="0.0"
						aspect.dataChangeType="VALUE" aspect.defaultValue="false"
						aspect.isLogged="false" aspect.isPersistent="false"
						aspect.isReadOnly="false" baseType="BOOLEAN" category=""
						description="" isLocalOnly="false"
						name="KBRailSAPDataBufferProcessor4IsRunning" ordinal="42" />
					<PropertyDefinition aspect.cacheTime="0.0"
						aspect.dataChangeType="VALUE" aspect.defaultValue="false"
						aspect.isLogged="false" aspect.isPersistent="false"
						aspect.isReadOnly="false" baseType="BOOLEAN" category=""
						description="" isLocalOnly="false"
						name="KBRailSAPDataBufferProcessor5IsRunning" ordinal="52" />
					<PropertyDefinition aspect.cacheTime="0.0"
						aspect.dataChangeType="VALUE" aspect.defaultValue="false"
						aspect.isLogged="false" aspect.isPersistent="false"
						aspect.isReadOnly="false" baseType="BOOLEAN" category=""
						description="" isLocalOnly="false"
						name="KBRailSAPDataBufferProcessor6IsRunning" ordinal="62" />
					<PropertyDefinition aspect.cacheTime="0.0"
						aspect.dataChangeType="VALUE" aspect.defaultValue="false"
						aspect.isLogged="false" aspect.isPersistent="false"
						aspect.isReadOnly="false" baseType="BOOLEAN" category=""
						description="" isLocalOnly="false"
						name="KBRailSAPDataBufferProcessor7IsRunning" ordinal="72" />
					<PropertyDefinition aspect.cacheTime="0.0"
						aspect.dataChangeType="VALUE" aspect.defaultValue="false"
						aspect.isLogged="false" aspect.isPersistent="false"
						aspect.isReadOnly="false" baseType="BOOLEAN" category=""
						description="" isLocalOnly="false"
						name="KBRailSAPDataBufferProcessor8IsRunning" ordinal="82" />
					<PropertyDefinition aspect.cacheTime="0.0"
						aspect.dataChangeType="VALUE" aspect.defaultValue="false"
						aspect.isLogged="false" aspect.isPersistent="false"
						aspect.isReadOnly="false" baseType="BOOLEAN" category=""
						description="" isLocalOnly="false"
						name="KBRailSAPDataBufferProcessor9IsRunning" ordinal="92" />
					<PropertyDefinition aspect.cacheTime="0.0"
						aspect.dataChangeType="VALUE" aspect.defaultValue="false"
						aspect.isLogged="false" aspect.isPersistent="false"
						aspect.isReadOnly="false" baseType="BOOLEAN" category=""
						description="" isLocalOnly="false"
						name="KBRailSAPDataBufferProcessor0IsRunning" ordinal="102" />
					<PropertyDefinition aspect.cacheTime="0.0"
						aspect.dataChangeType="VALUE" aspect.defaultValue="false"
						aspect.isLogged="false" aspect.isPersistent="false"
						aspect.isReadOnly="false" baseType="BOOLEAN" category=""
						description="" isLocalOnly="false"
						name="KBRailSAPPMProcessorIsRunning" ordinal="4" />
				</PropertyDefinitions>
				<ServiceDefinitions>
					<ServiceDefinition aspect.isAsync="false"
						category="" description="" isAllowOverride="false"
						isLocalOnly="false" isOpen="false" isPrivate="false"
						name="GetSAPSettings">
						<ResultType baseType="INFOTABLE" description=""
							name="result" ordinal="0" />
						<ParameterDefinitions>
							<FieldDefinition aspect.isRequired="true"
								baseType="STRING" description="" name="SAPsystem" ordinal="1" />
						</ParameterDefinitions>
					</ServiceDefinition>
					<ServiceDefinition aspect.isAsync="false"
						category="" description="" isAllowOverride="false"
						isLocalOnly="false" isOpen="false" isPrivate="false"
						name="KBSAPConfirmationProcessor">
						<ResultType baseType="NOTHING" description=""
							name="result" ordinal="0" />
						<ParameterDefinitions />
					</ServiceDefinition>
					<ServiceDefinition aspect.isAsync="false"
						category="" description="" isAllowOverride="false"
						isLocalOnly="false" isOpen="false" isPrivate="false"
						name="KBSAPDataBufferProcessor">
						<ResultType baseType="NOTHING" description=""
							name="result" ordinal="0" />
						<ParameterDefinitions />
					</ServiceDefinition>
					<ServiceDefinition aspect.isAsync="false"
						category="" description="" isAllowOverride="false"
						isLocalOnly="false" isOpen="false" isPrivate="false"
						name="KBSAPPMProcessor">
						<ResultType baseType="NOTHING" description=""
							name="result" ordinal="0" />
						<ParameterDefinitions />
					</ServiceDefinition>
					<ServiceDefinition aspect.isAsync="false"
						category="" description="" isAllowOverride="false"
						isLocalOnly="false" isOpen="false" isPrivate="false"
						name="ProcessingConfirmationRail">
						<ResultType baseType="NOTHING" description=""
							name="result" ordinal="0" />
						<ParameterDefinitions />
					</ServiceDefinition>
					<ServiceDefinition aspect.isAsync="true"
						category="" description="" isAllowOverride="false"
						isLocalOnly="false" isOpen="false" isPrivate="false"
						name="ProcessingDataBufferCVS">
						<ResultType baseType="NOTHING" description=""
							name="result" ordinal="0" />
						<ParameterDefinitions />
					</ServiceDefinition>
					<ServiceDefinition aspect.isAsync="true"
						category="" description="" isAllowOverride="false"
						isLocalOnly="false" isOpen="false" isPrivate="false"
						name="ProcessingDataBufferCVSProcess">
						<ResultType baseType="NOTHING" description=""
							name="result" ordinal="0" />
						<ParameterDefinitions>
							<FieldDefinition baseType="STRING" description=""
								name="Process" ordinal="1" />
						</ParameterDefinitions>
					</ServiceDefinition>
					<ServiceDefinition aspect.isAsync="true"
						category="" description="" isAllowOverride="false"
						isLocalOnly="false" isOpen="false" isPrivate="false"
						name="ProcessingDataBufferRail">
						<ResultType baseType="NOTHING" description=""
							name="result" ordinal="0" />
						<ParameterDefinitions />
					</ServiceDefinition>
					<ServiceDefinition aspect.isAsync="true"
						category="" description="" isAllowOverride="false"
						isLocalOnly="false" isOpen="false" isPrivate="false"
						name="ProcessingDataBufferRailProcess">
						<ResultType baseType="NOTHING" description=""
							name="result" ordinal="0" />
						<ParameterDefinitions>
							<FieldDefinition baseType="STRING" description=""
								name="Process" ordinal="1" />
						</ParameterDefinitions>
					</ServiceDefinition>
					<ServiceDefinition aspect.isAsync="false"
						category="" description="" isAllowOverride="false"
						isLocalOnly="false" isOpen="false" isPrivate="false"
						name="ProcessingPmCVS">
						<ResultType baseType="NOTHING" description=""
							name="result" ordinal="0" />
						<ParameterDefinitions />
					</ServiceDefinition>
				</ServiceDefinitions>
				<EventDefinitions />
				<ServiceMappings />
				<ServiceImplementations>
					<ServiceImplementation description=""
						handlerName="Script" name="GetSAPSettings">
						<ConfigurationTables>
							<ConfigurationTable description=""
								isMultiRow="false" name="Script" ordinal="0">
								<DataShape>
									<FieldDefinitions>
										<FieldDefinition baseType="STRING"
											description="code" name="code" ordinal="0" />
									</FieldDefinitions>
								</DataShape>
								<Rows>
									<Row>
										<code>
											<![CDATA[
try{
var key = "12345678901234567890123456789012345678901234567890123456";
// table: INFOTABLE dataShape: ""
var result =  Things[SAPsystem].GetConfigurationTable({
    tableName: "SAPConfiguration" /* STRING */
});

var StagingIdentifier = Resources["KBThingWorxServerSystem"].GetStagingIdentifier();

var pwIdentifierPOI = "";
var userSuffixPOI = StagingIdentifier;

var pwPOI = Resources["EncryptionServices"].DecryptWithKey({key:key, data:"qTDgGg/xzeLz2rmKgXHgAA=="})+pwIdentifierPOI+Resources["EncryptionServices"].DecryptWithKey({key:key, data:"fg0nnqwoWA2C6t2xINyYYg=="});
var pwAPO = "";
var pwPPO = Resources["EncryptionServices"].DecryptWithKey({key:key, data:"B3RKXwheEvELbsZ+P5nRhw=="});
var pwCOM = Resources["EncryptionServices"].DecryptWithKey({key:key, data:"1bS7oJD004kRi5fg0t8e/Q=="});
var pwPM = Resources["EncryptionServices"].DecryptWithKey({key:key, data:"C6XzX+idRAuUBu4VO2uo2Q=="});
var pwPMMD = Resources["EncryptionServices"].DecryptWithKey({key:key, data:"cu/kdPBIGkk9J4TirfJllQ=="});
    

if (StagingIdentifier == "PROD" && SAPsystem == "KBTruckSAPServer") {
	//!!!!!!!!!!!!!!!!!!!!!!!!!!!!!!!!!!!!!!!!!!!!!!!!!!!!!!!!!!!!!!!!!!!!!!!!!!!!!!!!!!!
	// PROD CVS
	//!!!!!!!!!!!!!!!!!!!!!!!!!!!!!!!!!!!!!!!!!!!!!!!!!!!!!!!!!!!!!!!!!!!!!!!!!!!!!!!!!!!
	//************************************************************************************
	//SAP PM
	//************************************************************************************
	result[0].URL_PM = "http://popjv000.corp.knorr-bremse.com:50200/XISOAPAdapter/MessageServlet?senderParty=&senderService=BS_3RD_THINGWORX_P&receiverParty=&receiverService=&interface=SI_THINGWORX_SYNC&interfaceNamespace=http://knorr-bremse.com/xi/003/PM/SBSNotif";
	result[0].URL_PM_MD = "http://trpci000.corp.knorr-bremse.com:8000/sap/bc/srt/rfc/sap/ypm_get_user_equip_fun_list_sd/300/ypm_get_user_equip_fun_list_sd/ypm_get_user_equip_fun_list_b";

	//************************************************************************************
	//SAP POI
	//************************************************************************************
	result[0].URL_POI_Confirmation = "";
	pwIdentifierPOI = Resources["EncryptionServices"].DecryptWithKey({key:key, data:"vKAgQs7aJmM4Ta4cV2fpYw=="});
	userSuffixPOI = "PRDxx";

	//************************************************************************************
	//SAP APO
	//************************************************************************************
//	result[0].URL_APO_ShiftCalendar = "https://pipci000.corp.knorr-bremse.com:50201/XISOAPAdapter/MessageServlet?senderParty=&senderService=BS_3RD_THINGWORX_P&receiverParty=&receiverService=&interface=SI_OUT_Worx_PlannedWorkingTime_SYNC&interfaceNamespace=http%3A%2F%2Fknorr-bremse.com%2Fxi%2F001%2FTHINGWORX%2FOEE";
//	result[0].Username_APO_ShiftCalendar = "SYS_WORX_PRD";
//	pwAPO = Resources["EncryptionServices"].DecryptWithKey({key:key, data:"LCmZwrM3XPezWxtqkwyxgg=="});
	result[0].URL_APO_ShiftCalendar = "https://popjv000.corp.knorr-bremse.com:50201/XISOAPAdapter/MessageServlet?senderParty=&senderService=BS_3RD_THINGWORX_P&receiverParty=&receiverService=&interface=SI_OUT_Worx_PlannedWorkingTime_SYNC&interfaceNamespace=http%3A%2F%2Fknorr-bremse.com%2Fxi%2F001%2FTHINGWORX%2FOEE";
	result[0].Username_APO_ShiftCalendar = "SYS_THGWX";
	pwAPO = Resources["EncryptionServices"].DecryptWithKey({key:key, data:"C6XzX+idRAuUBu4VO2uo2Q=="});
	result[0].Password_APO_ShiftCalendar = Resources["EncryptionServices"].EncryptPropertyValue({ data: pwAPO });

	//************************************************************************************
	//SAP Config
	//************************************************************************************
	result[0].URL_SAP_Testprotocol_Upload = "";
	result[0].URL_SAP_Components_Check = "";
	result[0].URL_SAP_Components_Status = "";
	result[0].URL_SAP_Create_Configuration = "";
	result[0].URL_SAP_SernrUpdateInProdOrder = "";

	
} else if (StagingIdentifier == "TEST" && SAPsystem == "KBTruckSAPServer") {
	//!!!!!!!!!!!!!!!!!!!!!!!!!!!!!!!!!!!!!!!!!!!!!!!!!!!!!!!!!!!!!!!!!!!!!!!!!!!!!!!!!!!
	// TEST CVS
	//!!!!!!!!!!!!!!!!!!!!!!!!!!!!!!!!!!!!!!!!!!!!!!!!!!!!!!!!!!!!!!!!!!!!!!!!!!!!!!!!!!!
	//************************************************************************************
	//SAP PM
	//************************************************************************************
	result[0].URL_PM = "http://poqjv000.corp.knorr-bremse.com:50200/XISOAPAdapter/MessageServlet?senderParty=&senderService=BS_3RD_THINGWORX_Q&receiverParty=&receiverService=&interface=SI_THINGWORX_SYNC&interfaceNamespace=http://knorr-bremse.com/xi/003/PM/SBSNotif";
	result[0].URL_PM_MD = "http://trqci000.corp.knorr-bremse.com:8000/sap/bc/srt/rfc/sap/ypm_get_user_equip_fun_list_sd/300/ypm_get_user_equip_fun_list_sd/ypm_get_user_equip_fun_list_b";

	//************************************************************************************
	//SAP POI
	//************************************************************************************
	result[0].URL_POI_Confirmation = "";
	pwIdentifierPOI = Resources["EncryptionServices"].DecryptWithKey({key:key, data:"3vg7ahBtTrpU/HVLYgQYSQ=="});
	userSuffixPOI = "TST";

	//************************************************************************************
	//SAP APO
	//************************************************************************************
	result[0].URL_APO_ShiftCalendar = "https://poqjv000.corp.knorr-bremse.com:50201/XISOAPAdapter/MessageServlet?senderParty=&senderService=BS_3RD_THINGWORX_Q&receiverParty=&receiverService=&interface=SI_OUT_Worx_PlannedWorkingTime_SYNC&interfaceNamespace=http%3A%2F%2Fknorr-bremse.com%2Fxi%2F001%2FTHINGWORX%2FOEE";
	result[0].Username_APO_ShiftCalendar = "SYS_THGWX";
	pwAPO = Resources["EncryptionServices"].DecryptWithKey({key:key, data:"C6XzX+idRAuUBu4VO2uo2Q=="});
	result[0].Password_APO_ShiftCalendar = Resources["EncryptionServices"].EncryptPropertyValue({ data: pwAPO });

	//************************************************************************************
	//SAP Config
	//************************************************************************************
	result[0].URL_SAP_Testprotocol_Upload = "";
	result[0].URL_SAP_Components_Check = "";
	result[0].URL_SAP_Components_Status = "";
	result[0].URL_SAP_Create_Configuration = "";
	result[0].URL_SAP_SernrUpdateInProdOrder = "";

} else if (StagingIdentifier == "DEV" && SAPsystem == "KBTruckSAPServer") {
	//!!!!!!!!!!!!!!!!!!!!!!!!!!!!!!!!!!!!!!!!!!!!!!!!!!!!!!!!!!!!!!!!!!!!!!!!!!!!!!!!!!!
	// DEV CVS
	//!!!!!!!!!!!!!!!!!!!!!!!!!!!!!!!!!!!!!!!!!!!!!!!!!!!!!!!!!!!!!!!!!!!!!!!!!!!!!!!!!!!
	//************************************************************************************
	//SAP PM
	//************************************************************************************
	result[0].URL_PM = "http://podjv000.corp.knorr-bremse.com:50200/XISOAPAdapter/MessageServlet?senderParty=&senderService=BS_3RD_THINGWORX_D&receiverParty=&receiverService=&interface=SI_THINGWORX_SYNC&interfaceNamespace=http://knorr-bremse.com/xi/003/PM/SBSNotif";
	result[0].URL_PM_MD = "http://trzci000.corp.knorr-bremse.com:8000/sap/bc/srt/rfc/sap/ypm_get_user_equip_fun_list_sd/300/ypm_get_user_equip_fun_list_sd/ypm_get_user_equip_fun_list_b";

	//************************************************************************************
	//SAP POI
	//************************************************************************************
	result[0].URL_POI_Confirmation = "";
	pwIdentifierPOI = Resources["EncryptionServices"].DecryptWithKey({key:key, data:"3vg7ahBtTrpU/HVLYgQYSQ=="});
	userSuffixPOI = "DEV";

	//************************************************************************************
	//SAP APO
	//************************************************************************************
	result[0].URL_APO_ShiftCalendar = "https://podjv000.corp.knorr-bremse.com:50201/XISOAPAdapter/MessageServlet?senderParty=&senderService=BS_3RD_THINGWORX_D&receiverParty=&receiverService=&interface=SI_OUT_Worx_PlannedWorkingTime_SYNC&interfaceNamespace=http%3A%2F%2Fknorr-bremse.com%2Fxi%2F001%2FTHINGWORX%2FOEE";
	result[0].Username_APO_ShiftCalendar = "SYS_THGWX";
	pwAPO = Resources["EncryptionServices"].DecryptWithKey({key:key, data:"C6XzX+idRAuUBu4VO2uo2Q=="});
	result[0].Password_APO_ShiftCalendar = Resources["EncryptionServices"].EncryptPropertyValue({ data: pwAPO });

	//************************************************************************************
	//SAP Config
	//************************************************************************************
	result[0].URL_SAP_Testprotocol_Upload = "";
	result[0].URL_SAP_Components_Check = "";
	result[0].URL_SAP_Components_Status = "";
	result[0].URL_SAP_Create_Configuration = "";
	result[0].URL_SAP_SernrUpdateInProdOrder = "";

} else if (StagingIdentifier == "PROD" && SAPsystem == "KBRailSAPServer") {
	//!!!!!!!!!!!!!!!!!!!!!!!!!!!!!!!!!!!!!!!!!!!!!!!!!!!!!!!!!!!!!!!!!!!!!!!!!!!!!!!!!!!
	// PROD RVS
	//!!!!!!!!!!!!!!!!!!!!!!!!!!!!!!!!!!!!!!!!!!!!!!!!!!!!!!!!!!!!!!!!!!!!!!!!!!!!!!!!!!!
	//************************************************************************************
	//SAP PM
	//************************************************************************************
	result[0].URL_PM = "";
	result[0].URL_PM_MD = "";

	//************************************************************************************
	//SAP POI
	//************************************************************************************
	pwIdentifierPOI = Resources["EncryptionServices"].DecryptWithKey({key:key, data:"vKAgQs7aJmM4Ta4cV2fpYw=="});
	userSuffixPOI = "PRD";
	result[0].URL_POI_Confirmation = "http://popjv000.corp.knorr-bremse.com:50200/XISOAPAdapter/MessageServlet?senderParty=&senderService=BS_3RD_THINGWORX_P&receiverParty=&receiverService=&interface=Z_P_POI_CONFIRMATION_CREATE&interfaceNamespace=urn:sap-com:document:sap:rfc:functions";

	//************************************************************************************
	//SAP APO
	//************************************************************************************
//	result[0].URL_APO_ShiftCalendar = "https://pipci000.corp.knorr-bremse.com:50201/XISOAPAdapter/MessageServlet?senderParty=RAIL&senderService=BS_3RD_THINGWORX_P&receiverParty=&receiverService=&interface=SI_OUT_Worx_PlannedWorkingTime_SYNC&interfaceNamespace=http%3A%2F%2Fknorr-bremse.com%2Fxi%2F001%2FTHINGWORX%2FOEE";
//	result[0].Username_APO_ShiftCalendar = "SYS_WORX_PRD";
//	pwAPO = Resources["EncryptionServices"].DecryptWithKey({key:key, data:"LCmZwrM3XPezWxtqkwyxgg=="});
//	result[0].Password_APO_ShiftCalendar = Resources["EncryptionServices"].EncryptPropertyValue({ data: pwAPO });

	result[0].URL_APO_ShiftCalendar = "https://popjv000.corp.knorr-bremse.com:50201/XISOAPAdapter/MessageServlet?senderParty=RAIL&senderService=BS_3RD_THINGWORX_P&receiverParty=&receiverService=&interface=SI_OUT_Worx_PlannedWorkingTime_SYNC&interfaceNamespace=http%3A%2F%2Fknorr-bremse.com%2Fxi%2F001%2FTHINGWORX%2FOEE";
	result[0].Username_APO_ShiftCalendar = "SYS_THGWX";
	pwAPO = Resources["EncryptionServices"].DecryptWithKey({key:key, data:"C6XzX+idRAuUBu4VO2uo2Q=="});
	result[0].Password_APO_ShiftCalendar = Resources["EncryptionServices"].EncryptPropertyValue({ data: pwAPO });


	//************************************************************************************
	//SAP Config
	//************************************************************************************
	result[0].URL_SAP_Testprotocol_Upload = "https://kmpweb.corp.knorr-bremse.com/sap/bc/srt/rfc/sap/zzq_ws_create_testrep/001/zzq_ws_create_testrep/create_testrep";
	result[0].URL_SAP_Components_Check = "https://kmpweb.corp.knorr-bremse.com/sap/bc/srt/rfc/sap/zzq_ws_conf_get_components/001/zzq_ws_conf_get_components/conf_get_components";
	result[0].URL_SAP_Components_Status = "https://kmpweb.corp.knorr-bremse.com/sap/bc/srt/rfc/sap/zzq_ws_conf_check_comp_status/001/zzq_ws_conf_check_comp_status/conf_check_comp_status";
	result[0].URL_SAP_Create_Configuration = "https://kmpweb.corp.knorr-bremse.com/sap/bc/srt/rfc/sap/zzq_ws_conf_create_config/001/ws_conf_create_config/conf_create_config";
	result[0].URL_SAP_SernrUpdateInProdOrder = "https://kmpweb.corp.knorr-bremse.com/sap/bc/srt/rfc/sap/zzq_sernr_update_in_prodorder/001/zzq_sernr_update_in_prodorder/conf_exch_sernr";
	
} else if (StagingIdentifier == "TEST" && SAPsystem == "KBRailSAPServer") {
	//!!!!!!!!!!!!!!!!!!!!!!!!!!!!!!!!!!!!!!!!!!!!!!!!!!!!!!!!!!!!!!!!!!!!!!!!!!!!!!!!!!!
	// TEST RVS
	//!!!!!!!!!!!!!!!!!!!!!!!!!!!!!!!!!!!!!!!!!!!!!!!!!!!!!!!!!!!!!!!!!!!!!!!!!!!!!!!!!!!
	//************************************************************************************
	//SAP PM
	//************************************************************************************
	result[0].URL_PM = "";
	result[0].URL_PM_MD = "";

	//************************************************************************************
	//SAP POI
	//************************************************************************************
	result[0].URL_POI_Confirmation = "http://podjv000.corp.knorr-bremse.com:50200/XISOAPAdapter/MessageServlet?senderParty=&senderService=BS_3RD_THINGWORX_P&receiverParty=&receiverService=&interface=Z_D_POI_CONFIRMATION_CREATE&interfaceNamespace=urn:sap-com:document:sap:rfc:functions";
	pwIdentifierPOI = Resources["EncryptionServices"].DecryptWithKey({key:key, data:"3vg7ahBtTrpU/HVLYgQYSQ=="});
	userSuffixPOI = "TST";

	//************************************************************************************
	//SAP APO
	//************************************************************************************
	//result[0].URL_APO_ShiftCalendar = "https://piqci000.corp.knorr-bremse.com:50201/XISOAPAdapter/MessageServlet?senderParty=RAIL&senderService=BS_3RD_THINGWORX_Q&receiverParty=&receiverService=&interface=SI_OUT_Worx_PlannedWorkingTime_SYNC&interfaceNamespace=http%3A%2F%2Fknorr-bremse.com%2Fxi%2F001%2FTHINGWORX%2FOEE";
//	result[0].URL_APO_ShiftCalendar = "http://popjv000.corp.knorr-bremse.com:50200/XISOAPAdapter/MessageServlet?senderParty=RAIL&senderService=BS_3RD_THINGWORX_D&receiverParty=&receiverService=&interface=SI_OUT_Worx_PlannedWorkingTime_SYNC&interfaceNamespace=http%3A%2F%2Fknorr-bremse.com%2Fxi%2F001%2FTHINGWORX%2FOEE";
//	result[0].Username_APO_ShiftCalendar = "SYS_WORX_TST";
//	pwAPO = Resources["EncryptionServices"].DecryptWithKey({key:key, data:"82/zYMZwtrSfA7XdnYQMGA=="});
//	result[0].Password_APO_ShiftCalendar = Resources["EncryptionServices"].EncryptPropertyValue({ data: pwAPO });
	
	result[0].URL_APO_ShiftCalendar = "https://poqjv000.corp.knorr-bremse.com:50201/XISOAPAdapter/MessageServlet?senderParty=&senderService=BS_3RD_THINGWORX_Q&receiverParty=&receiverService=&interface=SI_OUT_Worx_PlannedWorkingTime_SYNC&interfaceNamespace=http%3A%2F%2Fknorr-bremse.com%2Fxi%2F001%2FTHINGWORX%2FOEE";
	result[0].Username_APO_ShiftCalendar = "SYS_THGWX";
	pwAPO = Resources["EncryptionServices"].DecryptWithKey({key:key, data:"C6XzX+idRAuUBu4VO2uo2Q=="});
	result[0].Password_APO_ShiftCalendar = Resources["EncryptionServices"].EncryptPropertyValue({ data: pwAPO });


	//************************************************************************************
	//SAP Config
	//************************************************************************************
	result[0].URL_SAP_Testprotocol_Upload = "https://kmqci000.corp.knorr-bremse.com:8443/sap/bc/srt/rfc/sap/zzq_ws_create_testrep/001/zzq_ws_create_testrep/create_testrep";
	result[0].URL_SAP_Components_Check = "https://kmqweb.corp.knorr-bremse.com/sap/bc/srt/rfc/sap/zzq_ws_conf_get_components/001/zzq_ws_conf_get_components/conf_get_components";
	result[0].URL_SAP_Components_Status = "https://kmqweb.corp.knorr-bremse.com/sap/bc/srt/rfc/sap/zzq_ws_conf_check_comp_status/001/zzq_ws_conf_check_comp_status/cfg_check_comp_status";
	result[0].URL_SAP_Create_Configuration = "https://kmqweb.corp.knorr-bremse.com/sap/bc/srt/rfc/sap/zzq_ws_conf_create_config/001/ws_conf_create_config/conf_create_config";
	result[0].URL_SAP_SernrUpdateInProdOrder = "https://kmqci000.corp.knorr-bremse.com:8443/sap/bc/srt/rfc/sap/zzq_sernr_update_in_prodorder/001/zzq_sernr_update_in_prodorder/conf_exch_sernr";

} else if (StagingIdentifier == "DEV" && SAPsystem == "KBRailSAPServer") {
	//!!!!!!!!!!!!!!!!!!!!!!!!!!!!!!!!!!!!!!!!!!!!!!!!!!!!!!!!!!!!!!!!!!!!!!!!!!!!!!!!!!!
	// DEV RVS
	//!!!!!!!!!!!!!!!!!!!!!!!!!!!!!!!!!!!!!!!!!!!!!!!!!!!!!!!!!!!!!!!!!!!!!!!!!!!!!!!!!!!
	//************************************************************************************
	//SAP PM
	//************************************************************************************
	result[0].URL_PM = "";
	result[0].URL_PM_MD = "";

	//************************************************************************************
	//SAP POI
	//************************************************************************************
	result[0].URL_POI_Confirmation = "http://podjv000.corp.knorr-bremse.com:50200/XISOAPAdapter/MessageServlet?senderParty=&senderService=BS_3RD_THINGWORX_P&receiverParty=&receiverService=&interface=Z_D_POI_CONFIRMATION_CREATE&interfaceNamespace=urn:sap-com:document:sap:rfc:functions";
	pwIdentifierPOI = Resources["EncryptionServices"].DecryptWithKey({key:key, data:"3vg7ahBtTrpU/HVLYgQYSQ=="});
	userSuffixPOI = "DEV";

	//************************************************************************************
	//SAP APO
	//************************************************************************************
//	result[0].URL_APO_ShiftCalendar = "http://podjv000.corp.knorr-bremse.com:50200/XISOAPAdapter/MessageServlet?senderParty=RAIL&senderService=BS_3RD_THINGWORX_D&receiverParty=&receiverService=&interface=SI_OUT_Worx_PlannedWorkingTime_SYNC&interfaceNamespace=http%3A%2F%2Fknorr-bremse.com%2Fxi%2F001%2FTHINGWORX%2FOEE";
//	result[0].Username_APO_ShiftCalendar = "SYS_WORX_DEV";
//	pwAPO = Resources["EncryptionServices"].DecryptWithKey({key:key, data:"82/zYMZwtrSfA7XdnYQMGA=="});
//	result[0].Password_APO_ShiftCalendar = Resources["EncryptionServices"].EncryptPropertyValue({ data: pwAPO });

	result[0].URL_APO_ShiftCalendar = "https://podjv000.corp.knorr-bremse.com:50201/XISOAPAdapter/MessageServlet?senderParty=&senderService=BS_3RD_THINGWORX_D&receiverParty=&receiverService=&interface=SI_OUT_Worx_PlannedWorkingTime_SYNC&interfaceNamespace=http%3A%2F%2Fknorr-bremse.com%2Fxi%2F001%2FTHINGWORX%2FOEE";
	result[0].Username_APO_ShiftCalendar = "SYS_THGWX";
	pwAPO = Resources["EncryptionServices"].DecryptWithKey({key:key, data:"C6XzX+idRAuUBu4VO2uo2Q=="});
	result[0].Password_APO_ShiftCalendar = Resources["EncryptionServices"].EncryptPropertyValue({ data: pwAPO });

	//************************************************************************************
	//SAP Config
	//************************************************************************************
	result[0].URL_SAP_Testprotocol_Upload = "";
	result[0].URL_SAP_Components_Check = "https://kmdweb.corp.knorr-bremse.com/sap/bc/srt/rfc/sap/zzq_ws_conf_get_components/001/zzq_ws_conf_get_components/conf_get_components";
	result[0].URL_SAP_Components_Status = "https://kmdweb.corp.knorr-bremse.com/sap/bc/srt/rfc/sap/zzq_ws_conf_check_comp_status/001/zzq_ws_conf_check_comp_status/conf_check_comp_status";
	result[0].URL_SAP_Create_Configuration = "https://kmdweb.corp.knorr-bremse.com/sap/bc/srt/rfc/sap/zzq_ws_conf_create_config/001/ws_conf_create_config/conf_create_config";
	result[0].URL_SAP_SernrUpdateInProdOrder = "https://kmqci000.corp.knorr-bremse.com:8443/sap/bc/srt/rfc/sap/zzq_sernr_update_in_prodorder/001/zzq_sernr_update_in_prodorder/conf_exch_sernr";

} else {
	//!!!!!!!!!!!!!!!!!!!!!!!!!!!!!!!!!!!!!!!!!!!!!!!!!!!!!!!!!!!!!!!!!!!!!!!!!!!!!!!!!!!
	// ELSE
	//!!!!!!!!!!!!!!!!!!!!!!!!!!!!!!!!!!!!!!!!!!!!!!!!!!!!!!!!!!!!!!!!!!!!!!!!!!!!!!!!!!!
	//************************************************************************************
	//SAP PM
	//************************************************************************************
	result[0].URL_PM = "";

	//************************************************************************************
	//SAP POI
	//************************************************************************************
	result[0].URL_POI_Confirmation = "";

	//************************************************************************************
	//SAP APO
	//************************************************************************************
	result[0].URL_APO_ShiftCalendar = "";

	//************************************************************************************
	//SAP Config
	//************************************************************************************
	result[0].URL_SAP_Testprotocol_Upload = "";
	result[0].URL_SAP_Components_Check = "";
	result[0].URL_SAP_Components_Status = "";
	result[0].URL_SAP_Create_Configuration = "";
	result[0].URL_SAP_SernrUpdateInProdOrder = "";

} 

	//************************************************************************************
	//SAP POI
	//************************************************************************************
result[0].Username_POI_Confirmation = "SYS_THGWX";
result[0].Password_POI_Confirmation = Resources["EncryptionServices"].EncryptPropertyValue({ data: pwPM });

	//************************************************************************************
	//SAP PM
	//************************************************************************************
result[0].Username_PM = "SYS_THGWX";
result[0].Password_PM = Resources["EncryptionServices"].EncryptPropertyValue({ data: pwPM });

result[0].Username_PM_MD = "CPIC_THINGWX";
result[0].Password_PM_MD = Resources["EncryptionServices"].EncryptPropertyValue({ data: pwPMMD });


	//************************************************************************************
	//SAP Config
	//************************************************************************************
result[0].Username_SAP_Testprotocol_Upload = "CPIC_TWX";
result[0].Password_SAP_Testprotocol_Upload = Resources["EncryptionServices"].EncryptPropertyValue({ data: pwCOM });

result[0].Username_SAP_Components_Check = "CPIC_TWX";
result[0].Password_SAP_Components_Check = Resources["EncryptionServices"].EncryptPropertyValue({ data: pwCOM });

result[0].Username_SAP_Components_Status = "CPIC_TWX";
result[0].Password_SAP_Components_Status = Resources["EncryptionServices"].EncryptPropertyValue({ data: pwCOM });

result[0].Username_SAP_Create_Configuration = "CPIC_TWX";
result[0].Password_SAP_Create_Configuration = Resources["EncryptionServices"].EncryptPropertyValue({ data: pwCOM });

result[0].Username_SAP_SernrUpdateInProdOrder = "CPIC_TWX";
result[0].Password_SAP_SernrUpdateInProdOrder = Resources["EncryptionServices"].EncryptPropertyValue({ data: pwCOM });


	//************************************************************************************


Things[SAPsystem].SetConfigurationTable({
    configurationTable: result /* INFOTABLE */,
    persistent: true /* BOOLEAN */,
    tableName: "SAPConfiguration" /* STRING */
});
    
} catch(err) {
	logger.error("Error on service GetSAPSettings: " + err + " on thing:" + me.name+ " at:" + err.lineNumber);
} 
]]>
										</code>
									</Row>
								</Rows>
							</ConfigurationTable>
						</ConfigurationTables>
					</ServiceImplementation>
					<ServiceImplementation description=""
						handlerName="Script" name="KBSAPConfirmationProcessor">
						<ConfigurationTables>
							<ConfigurationTable description="Script"
								isMultiRow="false" name="Script" ordinal="0">
								<DataShape>
									<FieldDefinitions>
										<FieldDefinition baseType="STRING"
											description="code" name="code" ordinal="0" />
									</FieldDefinitions>
								</DataShape>
								<Rows>
									<Row>
										<code>
											<![CDATA[
if (!me.KBRailSAPConfirmationProcessorIsRunning) {
    me.KBRailSAPConfirmationProcessorIsRunning = true;

    try {


        logger.trace("KBSAPConfirmationProcessor Start");
        var location = Resources["KBThingWorxServerSystem"].GetLocationIdentifier();

        logger.trace("KBSAPConfirmationProcessor, location = " + location);

        if (location != "MUC") {
        	me.ProcessingConfirmationRail();
        }

        logger.trace("KBSAPConfirmationProcessor Finished");
    } catch(err) {
        logger.error("KBSAPConfirmationProcessor Error: " + err);
    }

    me.KBRailSAPConfirmationProcessorIsRunning = false;
}
    ]]>
										</code>
									</Row>
								</Rows>
							</ConfigurationTable>
						</ConfigurationTables>
					</ServiceImplementation>
					<ServiceImplementation description=""
						handlerName="Script" name="KBSAPDataBufferProcessor">
						<ConfigurationTables>
							<ConfigurationTable description="Script"
								isMultiRow="false" name="Script" ordinal="0">
								<DataShape>
									<FieldDefinitions>
										<FieldDefinition baseType="STRING"
											description="code" name="code" ordinal="0" />
									</FieldDefinitions>
								</DataShape>
								<Rows>
									<Row>
										<code>
											<![CDATA[


        logger.trace("KBSAPDataBufferProcessor Start");
        var location = Resources["KBThingWorxServerSystem"].GetLocationIdentifier();
        logger.trace("KBSAPDataBufferProcessor, location = " + location);


        if (location == "MUC") {
        	me.ProcessingDataBufferCVS();
        	me.ProcessingDataBufferRail();
        	me.ProcessingDataBufferCVSProcess({Process: "1"});
        	me.ProcessingDataBufferCVSProcess({Process: "2"});
        	me.ProcessingDataBufferCVSProcess({Process: "3"});
        	me.ProcessingDataBufferCVSProcess({Process: "4"});
        	me.ProcessingDataBufferCVSProcess({Process: "5"});
        	me.ProcessingDataBufferCVSProcess({Process: "6"});
        	me.ProcessingDataBufferCVSProcess({Process: "7"});
        	me.ProcessingDataBufferCVSProcess({Process: "8"});
        	me.ProcessingDataBufferCVSProcess({Process: "9"});
        	me.ProcessingDataBufferCVSProcess({Process: "0"});
        	me.ProcessingDataBufferRailProcess({Process: "1"});
        	me.ProcessingDataBufferRailProcess({Process: "2"});
        	me.ProcessingDataBufferRailProcess({Process: "3"});
        	me.ProcessingDataBufferRailProcess({Process: "4"});
        	me.ProcessingDataBufferRailProcess({Process: "5"});
        	me.ProcessingDataBufferRailProcess({Process: "6"});
        	me.ProcessingDataBufferRailProcess({Process: "7"});
        	me.ProcessingDataBufferRailProcess({Process: "8"});
        	me.ProcessingDataBufferRailProcess({Process: "9"});
        	me.ProcessingDataBufferRailProcess({Process: "0"});
        }

        logger.trace("KBSAPDataBufferProcessor Finished");
    ]]>
										</code>
									</Row>
								</Rows>
							</ConfigurationTable>
						</ConfigurationTables>
					</ServiceImplementation>
					<ServiceImplementation description=""
						handlerName="Script" name="KBSAPPMProcessor">
						<ConfigurationTables>
							<ConfigurationTable description="Script"
								isMultiRow="false" name="Script" ordinal="0">
								<DataShape>
									<FieldDefinitions>
										<FieldDefinition baseType="STRING"
											description="code" name="code" ordinal="0" />
									</FieldDefinitions>
								</DataShape>
								<Rows>
									<Row>
										<code>
											<![CDATA[
if (!me.KBRailSAPPMProcessorIsRunning) {
    me.KBRailSAPPMProcessorIsRunning = true;

    try {


        logger.trace("KBSAPPMProcessor Start");
        var location = Resources["KBThingWorxServerSystem"].GetLocationIdentifier();

        logger.trace("KBSAPPMProcessor, location = " + location);

        if (location != "MUC") {
        	me.ProcessingPmCVS();
        }

        logger.trace("KBSAPPMProcessor Finished");
    } catch(err) {
        logger.error("KBSAPPMProcessor Error: " + err);
    }

    me.KBRailSAPPMProcessorIsRunning = false;
}
    ]]>
										</code>
									</Row>
								</Rows>
							</ConfigurationTable>
						</ConfigurationTables>
					</ServiceImplementation>
					<ServiceImplementation description=""
						handlerName="Script" name="ProcessingConfirmationRail">
						<ConfigurationTables>
							<ConfigurationTable description="Script"
								isMultiRow="false" name="Script" ordinal="0">
								<DataShape>
									<FieldDefinitions>
										<FieldDefinition baseType="STRING"
											description="code" name="code" ordinal="0" />
									</FieldDefinitions>
								</DataShape>
								<Rows>
									<Row>
										<code>
											<![CDATA[
										
// table: INFOTABLE dataShape: ""
var SAPConfiguration =  Things["KBRailSAPServer"].GetConfigurationTable({
    tableName: "SAPConfiguration" /* STRING */
});


var user = SAPConfiguration[0].Username_POI_Confirmation;
var PW = SAPConfiguration[0].Password_POI_Confirmation;
var url = SAPConfiguration[0].URL_POI_Confirmation;	
										
var location = Resources["KBThingWorxServerSystem"].GetLocationIdentifier();

if (location != "MUC") {
	try {

		logger.trace("KBSAPProcessingTimer/ProcessingConfirmationRail");
		var params = {
			thingName: "KBSAPThingWorxDatabaseThing" /* STRING */
		};
		if (!Resources["PTC.Factory.CommonUtilities"].DoesThingExists(params)) {
			me.doProcessingRail = false;
			logger.debug("KBSAPProcessingTimer/ProcessingConfirmationRail KBSAPThingWorxDatabaseThing Does not Exists");
		}
		
	    if (me.doProcessingRail != null && me.doProcessingRail == true) {
	    	
			// result: INFOTABLE dataShape: ""
			var SAPresult =  Things["KBSAPThingWorxDatabaseThing"].GetPartsToConfirm();
			
			var tableLength = SAPresult.rows.length;
			logger.trace("KBSAPProcessingTimer/ProcessingConfirmationRail tableLength: "+tableLength);
			for (var x=0; x < tableLength; x++) {
			    try {
			
			
			        var row = SAPresult.rows[x];
			        //Your code here
			        
			        var orderNumber = "000000000000"+row.OrderNumber;
			        logger.trace("KBSAPProcessingTimer/ProcessingConfirmationRail orderNumber: "+orderNumber);
			        var operation = "0000"+row.SAPOperationNumber;
			        logger.trace("KBSAPProcessingTimer/ProcessingConfirmationRail operation: "+operation);
			        var numberOfGoodParts = 0;
			        var numberOfScrapParts = 0;
			
			        if (row.isPartOK) {
			            numberOfGoodParts = row.numberOfParts;
			        } else {
			            numberOfScrapParts = row.numberOfParts;
			        }
			        logger.trace("KBSAPProcessingTimer/ProcessingConfirmationRail numberOfGoodParts: "+numberOfGoodParts);
			        logger.trace("KBSAPProcessingTimer/ProcessingConfirmationRail numberOfScrapParts: "+numberOfScrapParts);
			
			
			
			        var fullOrderNumber = orderNumber.substring(orderNumber.length-12,orderNumber.length);
			        var fullOperation = operation.substring(operation.length-4,operation.length);
			        var header = {"Content-Type":"text/xml", "Accept":"text/xml"};
			        var XMLString = "<soapenv:Envelope xmlns:soapenv=\"http://schemas.xmlsoap.org/soap/envelope/\" " ;
			        XMLString += "xmlns:urn=\"urn:sap-com:document:sap:rfc:functions\">" ;
			        XMLString += "<soapenv:Header/>" ;
			        XMLString += "<soapenv:Body>";
			        XMLString += "<ns0:Z_P_POI_CONFIRMATION_CREATE xmlns:ns0=\"urn:sap-com:document:sap:rfc:functions\">";
			        XMLString += "<E_DETAIL_RETURN>" ;
			        XMLString += "<item>";
			        XMLString += "<TYPE/>" ;
			        XMLString += "<ID/>" ;
			        XMLString += "<NUMBER/>" ;
			        XMLString += "<MESSAGE/>";
			        XMLString += "<LOG_NO/>" ;
			        XMLString += "<LOG_MSG_NO/>" ;
			        XMLString += "<MESSAGE_V1/>" ;
			        XMLString += "<MESSAGE_V2/>" ;
			        XMLString += "<MESSAGE_V3/>" ;
			        XMLString += "<MESSAGE_V4/>" ;
			        XMLString += "<PARAMETER/>";
			        XMLString += "<ROW/>";
			        XMLString += "<FIELD/>";
			        XMLString += "<SYSTEM/>" ;
			        XMLString += "<FLG_LOCKED/>" ;
			        XMLString += "<CONF_NO/>";
			        XMLString += "<CONF_CNT/>" ;
			        XMLString += "</item>" ;
			        XMLString += "</E_DETAIL_RETURN>";
			        XMLString += "<T_TIMETICKETS>" ;
			        XMLString += "<item>";
			        XMLString += "<CONF_NO/>";
			        XMLString += "<ORDERID>"+fullOrderNumber+"</ORDERID>" ;
			        XMLString += "<SEQUENCE></SEQUENCE>" ;
			        XMLString += "<OPERATION>"+fullOperation+"</OPERATION>" ;
			        XMLString += "<SUB_OPER/>" ;
			        XMLString += "<CAPA_CATEGORY/>";
			        XMLString += "<SPLIT/>";
			        XMLString += "<FIN_CONF/>" ;
			        XMLString += "<CLEAR_RES/>";
			        XMLString += "<POSTG_DATE/>" ;
			        XMLString += "<DEV_REASON/>" ;
			        XMLString += "<CONF_TEXT/>";
			        XMLString += "<PLANT>"+row.SAPPlantId+"</PLANT>";
			        XMLString += "<WORK_CNTR/>";
			        XMLString += "<RECORDTYPE/>" ;
			        XMLString += "<CONF_QUAN_UNIT/>" ;
			        XMLString += "<CONF_QUAN_UNIT_ISO/>" ;
			        XMLString += "<YIELD>"+numberOfGoodParts+".000</YIELD>";
			        XMLString += "<SCRAP>"+numberOfScrapParts+".000</SCRAP>";
			        XMLString += "<REWORK/>" ;
			        XMLString += "<CONF_ACTI_UNIT1/>";
			        XMLString += "<CONF_ACTI_UNIT1_ISO/>";
			        XMLString += "<CONF_ACTIVITY1/>" ;
			        XMLString += "<NO_REMN_ACTI1/>";
			        XMLString += "<CONF_ACTI_UNIT2/>";
			        XMLString += "<CONF_ACTI_UNIT2_ISO/>";
			        XMLString += "<CONF_ACTIVITY2/>" ;
			        XMLString += "<NO_REMN_ACTI2/>";


					//ToDo
			        //XMLString += "<CONF_ACTIVITY3>0.2</CONF_ACTIVITY3>" ;
			        //XMLString += "<CONF_ACTI_UNIT3>HR</CONF_ACTI_UNIT3>";
			        //XMLString += "<CONF_ACTI_UNIT3_ISO/>";
			        XMLString += "<CONF_ACTIVITY3/>" ;
			        XMLString += "<CONF_ACTI_UNIT3/>";
			        XMLString += "<CONF_ACTI_UNIT3_ISO/>";
			        
			        
			        XMLString += "<NO_REMN_ACTI3/>";
			        XMLString += "<CONF_ACTI_UNIT4/>";
			        XMLString += "<CONF_ACTI_UNIT4_ISO/>";
			        XMLString += "<CONF_ACTIVITY4/>" ;
			        XMLString += "<NO_REMN_ACTI4/>";
			        XMLString += "<CONF_ACTI_UNIT5/>";
			        XMLString += "<CONF_ACTI_UNIT5_ISO/>";
			        XMLString += "<CONF_ACTIVITY5/>" ;
			        XMLString += "<NO_REMN_ACTI5/>";
			        XMLString += "<CONF_ACTI_UNIT6/>";
			        XMLString += "<CONF_ACTI_UNIT6_ISO/>";
			        XMLString += "<CONF_ACTIVITY6/>" ;
			        XMLString += "<NO_REMN_ACTI6/>";
			        XMLString += "<CONF_BUS_PROC_UNIT1/>";
			        XMLString += "<CONF_BUS_PROC_UNIT1_ISO/>";
			        XMLString += "<CONF_BUS_PROC1/>" ;
			        XMLString += "<NO_REMN_BUS_PROC1/>";
			        XMLString += "<EXEC_START_DATE/>";
			        XMLString += "<EXEC_START_TIME/>";
			        XMLString += "<SETUP_FIN_DATE/>" ;
			        XMLString += "<SETUP_FIN_TIME/>" ;
			        XMLString += "<PROC_START_DATE/>";
			        XMLString += "<PROC_START_TIME/>";
			        XMLString += "<PROC_FIN_DATE/>";
			        XMLString += "<PROC_FIN_TIME/>";
			        XMLString += "<TEARDOWN_START_DATE/>";
			        XMLString += "<TEARDOWN_START_TIME/>";
			        XMLString += "<EXEC_FIN_DATE/>";
			        XMLString += "<EXEC_FIN_TIME/>";
			        XMLString += "<FCST_FIN_DATE/>";
			        XMLString += "<FCST_FIN_TIME/>";
			        XMLString += "<STD_UNIT1/>";
			        XMLString += "<STD_UNIT1_ISO/>";
			        XMLString += "<FORCAST_STD_VAL1/>" ;
			        XMLString += "<STD_UNIT2/>";
			        XMLString += "<STD_UNIT2_ISO/>";
			        XMLString += "<FORCAST_STD_VAL2/>" ;
			        XMLString += "<STD_UNIT3/>";
			        XMLString += "<STD_UNIT3_ISO/>";
			        XMLString += "<FORCAST_STD_VAL3/>" ;
			        XMLString += "<STD_UNIT4/>";
			        XMLString += "<STD_UNIT4_ISO/>";
			        XMLString += "<FORCAST_STD_VAL4/>" ;
			        XMLString += "<STD_UNIT5/>";
			        XMLString += "<STD_UNIT5_ISO/>";
			        XMLString += "<FORCAST_STD_VAL5/>" ;
			        XMLString += "<STD_UNIT6/>";
			        XMLString += "<STD_UNIT6_ISO/>";
			        XMLString += "<FORCAST_STD_VAL6/>" ;
			        XMLString += "<FORCAST_BUS_PROC_UNIT1/>" ;
			        XMLString += "<FORC_BUS_PROC_UNIT1_ISO/>";
			        XMLString += "<FORCAST_BUS_PROC_VAL1/>";
			        XMLString += "<PERS_NO>"+row.EmployeeID+"</PERS_NO>";
			        XMLString += "<TIMEID_NO/>";
			        XMLString += "<WAGETYPE/>" ;
			        XMLString += "<SUITABILITY/>";
			        XMLString += "<NO_OF_EMPLOYEE/>" ;
			        XMLString += "<WAGEGROUP/>";
			        XMLString += "<BREAK_UNIT/>" ;
			        XMLString += "<BREAK_UNIT_ISO/>" ;
			        XMLString += "<BREAK_TIME/>" ;
			        XMLString += "<EX_CREATED_BY/>";
			        XMLString += "<EX_CREATED_DATE/>";
			        XMLString += "<EX_CREATED_TIME/>";
			        XMLString += "<TARGET_ACTI1/>" ;
			        XMLString += "<TARGET_ACTI2/>" ;
			        XMLString += "<TARGET_ACTI3/>" ;
			        XMLString += "<TARGET_ACTI4/>" ;
			        XMLString += "<TARGET_ACTI5/>" ;
			        XMLString += "<TARGET_ACTI6/>" ;
			        XMLString += "<TARGET_BUS_PROC1/>" ;
			        XMLString += "<EX_IDENT/>" ;
			        XMLString += "<LOGDATE/>";
			        XMLString += "<LOGTIME/>";
			        XMLString += "<WIP_BATCH/>";
			        XMLString += "<VENDRBATCH/>" ;
			        XMLString += "</item>" ;
			        XMLString += "</T_TIMETICKETS>";
			        XMLString += "</ns0:Z_P_POI_CONFIRMATION_CREATE>";
			        XMLString += "</soapenv:Body>" ;
			        XMLString += "</soapenv:Envelope>";
			
			        var XMLcontent = new XML (XMLString);

					logger.trace("KBSAPProcessingTimer/ProcessingConfirmationRail user: "+user);
					logger.trace("KBSAPProcessingTimer/ProcessingConfirmationRail url: "+url);
					logger.trace("KBSAPProcessingTimer/ProcessingConfirmationRail header: "+header);
					logger.trace("KBSAPProcessingTimer/ProcessingConfirmationRail XMLString: "+XMLString);
			
			        var params = {
			            proxyScheme: undefined /* STRING */,
			            headers: header /* JSON */,
			            ignoreSSLErrors: true /* BOOLEAN */,
			            useNTLM: undefined /* BOOLEAN */,
			            workstation: undefined /* STRING */,
			            useProxy: undefined /* BOOLEAN */,
			            withCookies: undefined /* BOOLEAN */,
			            proxyHost: undefined /* STRING */,
			            url: url /* STRING */,
			            content: XMLcontent /* XML */,
			            timeout: undefined /* NUMBER */,
			            proxyPort: undefined /* INTEGER */,
			            password: PW /* STRING */,
			            domain: undefined /* STRING */,
			            username: user /* STRING */
			        };
			
			        // result: XML
			        var XMLresult = Resources["ContentLoaderFunctions"].PostXML(params);
			
			        var Response = XMLresult.*::Body.*;
			        var MESSAGE = Response.*::E_DETAIL_RETURN.*::item.*::MESSAGE;
			        var CONF_CNT = Response.*::E_DETAIL_RETURN.*::item.*::CONF_CNT;
			        var CONF_NO = Response.*::E_DETAIL_RETURN.*::item.*::CONF_NO;
			        var SYSTEM = Response.*::E_DETAIL_RETURN.*::item.*::SYSTEM;
			        var result = String(MESSAGE) + " (" + String(CONF_CNT) + " Parts confirmed, Confirmation Number: "+CONF_NO+", System: "+SYSTEM+".) " + String(Response);
			        logger.trace("KBSAPProcessingTimer/ProcessingConfirmationRail result: "+result);
			
			        // result: NUMBER
			        var result =  Things["KBSAPThingWorxDatabaseThing"].MarkPartAsConfirmed({
			            SAPconfirmationResult: result /* STRING */,
			            Id: row.Id /* LONG */
			        });
			    } catch(err) {
			        logger.error("KBSAPProcessingTimer/ProcessingConfirmationRail error (1): "+err);
			        var result =  Things["KBSAPThingWorxDatabaseThing"].MarkPartAsConfirmed({
			            SAPconfirmationResult: err /* STRING */,
			            Id: row.Id /* LONG */
			        });
			    }
			
			}
	    }
	} catch(err) {
        logger.error("KBSAPProcessingTimer/ProcessingConfirmationRail error (2): "+err);
	}
}]]>
										</code>
									</Row>
								</Rows>
							</ConfigurationTable>
						</ConfigurationTables>
					</ServiceImplementation>
					<ServiceImplementation description=""
						handlerName="Script" name="ProcessingDataBufferCVS">
						<ConfigurationTables>
							<ConfigurationTable description="Script"
								isMultiRow="false" name="Script" ordinal="0">
								<DataShape>
									<FieldDefinitions>
										<FieldDefinition baseType="STRING"
											description="code" name="code" ordinal="0" />
									</FieldDefinitions>
								</DataShape>
								<Rows>
									<Row>
										<code>
											<![CDATA[
if (!me.KBCVSSAPDataBufferProcessorIsRunning) {
    me.KBCVSSAPDataBufferProcessorIsRunning = true;

    try {
		var location = Resources["KBThingWorxServerSystem"].GetLocationIdentifier();
		
		if (location == "MUC") {
			
			
			try {
		
				logger.trace("KBSAPProcessingTimer/ProcessingDataBuffer");
			    if (me.doProcessingCVS) {
					logger.trace("KBSAPProcessingTimer/ProcessingDataBuffer --> KBTruckSAPServer");
			    	Things["KBTruckSAPServer"].MoveXmlFromBufferTable({Path: "/"});
			    }
			} catch(err) {
					logger.error("KBSAPProcessingTimer/ProcessingDataBuffer --> KBTruckSAPServer "+ err);
			}
		}
    } catch(err) {
        logger.error("KBSAPDataBufferProcessor Error: " + err);
    }

    me.KBCVSSAPDataBufferProcessorIsRunning = false;
}
]]>
										</code>
									</Row>
								</Rows>
							</ConfigurationTable>
						</ConfigurationTables>
					</ServiceImplementation>
					<ServiceImplementation description=""
						handlerName="Script" name="ProcessingDataBufferCVSProcess">
						<ConfigurationTables>
							<ConfigurationTable description="Script"
								isMultiRow="false" name="Script" ordinal="0">
								<DataShape>
									<FieldDefinitions>
										<FieldDefinition baseType="STRING"
											description="code" name="code" ordinal="0" />
									</FieldDefinitions>
								</DataShape>
								<Rows>
									<Row>
										<code>
											<![CDATA[
var RunningProperty = "KBCVSSAPDataBufferProcessor"+Process+"IsRunning";											
if (!Things[me.name][RunningProperty]) {
    Things[me.name][RunningProperty] = true;

    try {
		var location = Resources["KBThingWorxServerSystem"].GetLocationIdentifier();
		
		if (location == "MUC") {
			try {
		
				logger.trace("KBSAPProcessingTimer/ProcessingDataBuffer "+Process);
			    if (me.doProcessingCVS) {
					logger.trace("KBSAPProcessingTimer/ProcessingDataBuffer "+Process+" --> KBTruckSAPServer");
			    	Things["KBTruckSAPServer"].GetXmlFromBufferTable({Path: "/KBTruckSAPServer/"+Process+"/"});
			    }
			} catch(err) {
					logger.error("KBSAPProcessingTimer/ProcessingDataBuffer "+Process+" --> KBTruckSAPServer "+ err);
			}
		}

    } catch(err) {
        logger.error("KBSAPDataBufferProcessor "+Process+" Error: " + err);
    }

    Things[me.name][RunningProperty] = false;
}
]]>
										</code>
									</Row>
								</Rows>
							</ConfigurationTable>
						</ConfigurationTables>
					</ServiceImplementation>
					<ServiceImplementation description=""
						handlerName="Script" name="ProcessingDataBufferRail">
						<ConfigurationTables>
							<ConfigurationTable description="Script"
								isMultiRow="false" name="Script" ordinal="0">
								<DataShape>
									<FieldDefinitions>
										<FieldDefinition baseType="STRING"
											description="code" name="code" ordinal="0" />
									</FieldDefinitions>
								</DataShape>
								<Rows>
									<Row>
										<code>
											<![CDATA[
if (!me.KBRailSAPDataBufferProcessorIsRunning) {
    me.KBRailSAPDataBufferProcessorIsRunning = true;

    try {
		var location = Resources["KBThingWorxServerSystem"].GetLocationIdentifier();
		
		if (location == "MUC") {
			try {
		
				logger.trace("KBSAPProcessingTimer/ProcessingDataBuffer");
			    if (me.doProcessingRail) {
					logger.trace("KBSAPProcessingTimer/ProcessingDataBuffer --> KBRailSAPServer");
			    	Things["KBRailSAPServer"].MoveXmlFromBufferTable({Path: "/"});
			    }
			} catch(err) {
					logger.error("KBSAPProcessingTimer/ProcessingDataBuffer --> KBRailSAPServer "+ err);
			}
		}

    } catch(err) {
        logger.error("KBSAPDataBufferProcessor Error: " + err);
    }

    me.KBRailSAPDataBufferProcessorIsRunning = false;
}
		
]]>
										</code>
									</Row>
								</Rows>
							</ConfigurationTable>
						</ConfigurationTables>
					</ServiceImplementation>
					<ServiceImplementation description=""
						handlerName="Script" name="ProcessingDataBufferRailProcess">
						<ConfigurationTables>
							<ConfigurationTable description="Script"
								isMultiRow="false" name="Script" ordinal="0">
								<DataShape>
									<FieldDefinitions>
										<FieldDefinition baseType="STRING"
											description="code" name="code" ordinal="0" />
									</FieldDefinitions>
								</DataShape>
								<Rows>
									<Row>
										<code>
											<![CDATA[
var RunningProperty = "KBRailSAPDataBufferProcessor"+Process+"IsRunning";											
if (!Things[me.name][RunningProperty]) {
    Things[me.name][RunningProperty] = true;

    try {
		var location = Resources["KBThingWorxServerSystem"].GetLocationIdentifier();
		
		if (location == "MUC") {
			try {
		
				logger.trace("KBSAPProcessingTimer/ProcessingDataBuffer "+Process);
			    if (me.doProcessingRail) {
					logger.trace("KBSAPProcessingTimer/ProcessingDataBuffer "+Process+" --> KBRailSAPServer");
			    	Things["KBRailSAPServer"].GetXmlFromBufferTable({Path: "/KBRailSAPServer/"+Process+"/"});
			    }
			} catch(err) {
					logger.error("KBSAPProcessingTimer/ProcessingDataBuffer "+Process+" --> KBRailSAPServer "+ err);
			}
		}

    } catch(err) {
        logger.error("KBSAPDataBufferProcessor "+Process+" Error: " + err);
    }

    Things[me.name][RunningProperty] = false;
}
		
]]>
										</code>
									</Row>
								</Rows>
							</ConfigurationTable>
						</ConfigurationTables>
					</ServiceImplementation>
					<ServiceImplementation description=""
						handlerName="Script" name="ProcessingPmCVS">
						<ConfigurationTables>
							<ConfigurationTable description="Script"
								isMultiRow="false" name="Script" ordinal="0">
								<DataShape>
									<FieldDefinitions>
										<FieldDefinition baseType="STRING"
											description="code" name="code" ordinal="0" />
									</FieldDefinitions>
								</DataShape>
								<Rows>
									<Row>
										<code>
											<![CDATA[
										
// table: INFOTABLE dataShape: ""
var SAPConfiguration =  Things["KBTruckSAPServer"].GetConfigurationTable({
    tableName: "SAPConfiguration" /* STRING */
});


var user = SAPConfiguration[0].Username_PM;
var PW = SAPConfiguration[0].Password_PM;
var url = SAPConfiguration[0].URL_PM;	
var DB = Resources["KBThingWorxServerSystem"].GetKPILocalThingWorxDatabaseThing();
										
var location = Resources["KBThingWorxServerSystem"].GetLocationIdentifier();

if (location != "MUC") {
	try {

		logger.trace("KBSAPProcessingTimer/ProcessingPmCVS");
		var params = {
			thingName: DB /* STRING */
		};
		if (!Resources["PTC.Factory.CommonUtilities"].DoesThingExists(params)) {
			me.doProcessingCVSPM = false;
			logger.debug("KBSAPProcessingTimer/ProcessingPmCVS '+DB+' Does not Exists");
		}
		
	    if (me.doProcessingCVSPM !== null && me.doProcessingCVSPM === true) {
	    	
			// result: INFOTABLE dataShape: ""
			var SAPresult =  Things[DB].GetPmMessages();
			
			var tableLength = SAPresult.rows.length;
			logger.trace("KBSAPProcessingTimer/ProcessingPmCVS tableLength: "+tableLength);
			for (var x=0; x < tableLength; x++) {
			    try {
			
			
			        var row = SAPresult.rows[x];
        			var paramsForSapSoapPMWebserviceRequest = {
						url: url,
        				content: row.description,
        				password: PW,
        				username: user
					};

		    		var sapSoapWebserviceResponse = Resources['ContentLoaderFunctions'].PostXML(paramsForSapSoapPMWebserviceRequest);
		            var resultXML = new XML(sapSoapWebserviceResponse);
		            
					logger.trace("KBSAPProcessingTimer/ProcessingPmCVS result for Id "+row.Id+": "+String(resultXML));
			
                    var Response = resultXML.*::Body.*;
                    var xmltext = String(Response);
        			var newXML = new XML(xmltext);
        			Response = newXML.*::ES_RETURN;
                    
                    var newRow = new Object();  
                    for each (var tag in Response) { 
        				newRow.ID = tag.ID; 
                        newRow.NUMBER = tag.NUMBER; 
                        newRow.MESSAGE = tag.MESSAGE; 
        			}   
                    //var ResultNr = newXML.*::ES_RETURN.*::NUMBER;
        			logger.trace("KBSAPProcessingTimer/ProcessingPmCVS result: "+newRow.NUMBER +", " +newRow.MESSAGE);
                	// result: NUMBER
                                 
                	if (parseInt(newRow.NUMBER)!=405){			
          //              logger.trace('KBSAPProcessingTimer/ProcessingPmCVS - Time+Machine: '+row.StatusTime.getTime()+row.Machine+ '.');
		  //              logger.trace('KBSAPProcessingTimer/ProcessingPmCVS - JSON content: '+SAPPMEvent.ToJSON()+ '.');
                        
//                        Things["KBSAPPMEventErroFileRepositoryThing"].SaveJSON({
//                        	path:  "KBTruckSAPPMServer"+row.StatusTime.getTime()+"_"+row.Machine+".json" /* STRING */,
//                        	content: SAPPMEvent.ToJSON() /* STRING */
//                        });
                          var result =  Things[DB].AddUpdateMachineStatusDataProcessIdentirfier({
                            	Id: row.Id  /* NUMBER */,
                                Status: "Error-"+newRow.ID+"/"+newRow.NUMBER+"/"+newRow.MESSAGE
                            });
                    
                      }else{
                          	var result =  Things[DB].AddMarkPmStatusAsSent({
        			            SapPmResult: "" /* STRING */,
        			            Id: row.Id /* LONG */
        			        	});   
                      }
                    
			        
			    } catch(err) {
			        logger.error("KBSAPProcessingTimer/ProcessingPmCVS error (1): "+err);
                     var result =  Things[DB].AddUpdateMachineStatusDataProcessIdentirfier({
                            	Id: row.Id  /* NUMBER */,
                                Status: "Error-"+err
                            });
			    }
			}
	    }
	} catch(err) {
        logger.error("KBSAPProcessingTimer/ProcessingPmCVS error (2): "+err+" at:"+err.lineNumber);
	}
}]]>
										</code>
									</Row>
								</Rows>
							</ConfigurationTable>
						</ConfigurationTables>
					</ServiceImplementation>
				</ServiceImplementations>
				<Subscriptions>
					<Subscription description="" enabled="true"
						eventName="ThingStart" name="Autostart" source=""
						sourceProperty="" sourceType="Thing">
						<ServiceImplementation description=""
							handlerName="Script" name="Autostart">
							<ConfigurationTables>
								<ConfigurationTable description=""
									isMultiRow="false" name="Script" ordinal="0">
									<DataShape>
										<FieldDefinitions>
											<FieldDefinition baseType="STRING"
												description="code" name="code" ordinal="0" />
										</FieldDefinitions>
									</DataShape>
									<Rows>
										<Row>
											<code>
												<![CDATA[// result: INFOTABLE dataShape: ""
me.GetSAPSettings({
	SAPsystem: "KBTruckSAPServer" /* STRING */
});

// result: INFOTABLE dataShape: ""
me.GetSAPSettings({
	SAPsystem: "KBRailSAPServer" /* STRING */
});]]>
											</code>
										</Row>
									</Rows>
								</ConfigurationTable>
							</ConfigurationTables>
						</ServiceImplementation>
					</Subscription>
					<Subscription description="" enabled="true"
						eventName="Timer" name="Event.Timer" source="" sourceProperty=""
						sourceType="Thing">
						<ServiceImplementation description=""
							handlerName="Script" name="Event.Timer">
							<ConfigurationTables>
								<ConfigurationTable description=""
									isMultiRow="false" name="Script" ordinal="0">
									<DataShape>
										<FieldDefinitions>
											<FieldDefinition baseType="STRING"
												description="code" name="code" ordinal="0" />
										</FieldDefinitions>
									</DataShape>
									<Rows>
										<Row>
											<code>
												<![CDATA[
var location = Resources["KBThingWorxServerSystem"].GetLocationIdentifier();

logger.trace("KBSAPProcessingTimer Event.Timer, location = " + location);

if (location == "MUC") {
	me.KBSAPDataBufferProcessor();
} else {
	me.KBSAPConfirmationProcessor();
	me.KBSAPPMProcessor();
}

]]>
											</code>
										</Row>
									</Rows>
								</ConfigurationTable>
							</ConfigurationTables>
						</ServiceImplementation>
					</Subscription>
				</Subscriptions>
			</ThingShape>
			<PropertyBindings />
			<RemotePropertyBindings />
			<RemoteServiceBindings />
			<RemoteEventBindings />
			<AlertConfigurations>
				<AlertDefinitions
					name="KBCVSSAPDataBufferProcessorIsRunning" />
				<AlertDefinitions
					name="KBRailSAPDataBufferProcessorIsRunning" />
			</AlertConfigurations>
			<ImplementedShapes />
			<ThingProperties />
			<ConfigurationChanges>
				<ConfigurationChange changeAction="CREATE"
					changeReason="Importing Extension Package Metadata"
					timestamp="2020-11-04T10:24:22.247+01:00" user="SuperUser" />
			</ConfigurationChanges>
		</Thing>
	</Things>
</Entities>