<?xml version="1.0" encoding="UTF-8" standalone="no"?>
<Entities build="b52" majorVersion="8" minorVersion="0"
	modelPersistenceProviderPackage="MssqlPersistenceProviderPackage"
	revision="3" schemaVersion="1000">
	<DataShapes>
		<DataShape aspect.isExtension="true" baseDataShape=""
			description="" documentationContent="" homeMashup=""
			lastModifiedDate="2017-10-23T16:21:34.238+02:00" name="KBSAPPlannedWorkingTimeDataShape"
			projectName="TWX-Ext-KBsapConnector" tags="KBThingWorxInstallationVocabulary:ExtensionSAPConnector">
			<Owner name="SuperUser" type="User" />  
			<avatar />
			<DesignTimePermissions>
				<Create />
				<Read />
				<Update />
				<Delete />
				<Metadata />
			</DesignTimePermissions>
			<RunTimePermissions />
			<VisibilityPermissions>
				<Visibility />
			</VisibilityPermissions>
			<ConfigurationTables />
			<FieldDefinitions>
				<FieldDefinition baseType="INTEGER" description=""
					name="amount" ordinal="9" />
				<FieldDefinition baseType="STRING" description=""
					name="endTime" ordinal="6" />
				<FieldDefinition baseType="DATETIME" description=""
					name="endTimestamp" ordinal="7" />
				<FieldDefinition aspect.isPrimaryKey="true"
					baseType="STRING" description="" name="pk" ordinal="0" />
				<FieldDefinition baseType="STRING" description=""
					name="plant" ordinal="1" />
				<FieldDefinition baseType="STRING" description=""
					name="qualifier" ordinal="8" />
				<FieldDefinition baseType="STRING" description=""
					name="resDownt" ordinal="12" />
				<FieldDefinition baseType="STRING" description=""
					name="resName" ordinal="2" />
				<FieldDefinition baseType="STRING" description=""
					name="startDate" ordinal="3" />
				<FieldDefinition baseType="STRING" description=""
					name="startTime" ordinal="4" />
				<FieldDefinition baseType="DATETIME" description=""
					name="startTimestamp" ordinal="5" />
				<FieldDefinition baseType="STRING" description=""
					name="timeInt" ordinal="11" />
				<FieldDefinition baseType="NUMBER" description=""
					name="utilization" ordinal="10" />
			</FieldDefinitions>
			<ConfigurationChanges>
				<ConfigurationChange changeAction="CREATE"
					changeReason="Created" timestamp="2016-12-10T13:18:21.409+01:00"
					user="Administrator" />
				<ConfigurationChange changeAction="CREATE"
					changeReason="Importing Extension Package Metadata" timestamp="2017-10-19T14:42:41.248+02:00"
					user="SuperUser" />
				<ConfigurationChange changeAction="MODIFY"
					changeReason="Importing Extension Package Metadata" timestamp="2017-10-23T16:21:34.238+02:00"
					user="SuperUser" />
			</ConfigurationChanges>
		</DataShape>
	</DataShapes>
</Entities>