<?xml version="1.0" encoding="UTF-8" standalone="no"?>
<Entities build="b52" majorVersion="8" minorVersion="0"
	modelPersistenceProviderPackage="MssqlPersistenceProviderPackage"
	revision="3" schemaVersion="1000">
	<DataShapes>
		<DataShape aspect.isExtension="true" baseDataShape=""
			description="" documentationContent="" homeMashup=""
			lastModifiedDate="2017-10-23T16:21:34.175+02:00" name="KBSAPWorkConfirmationDataDataShape"
			projectName="TWX-Ext-KBsapConnector" tags="KBThingWorxInstallationVocabulary:ExtensionSAPConnector">
			<Owner name="SuperUser" type="User" />
			<avatar />
			<DesignTimePermissions>
				<Create />
				<Read />
				<Update />
				<Delete />
				<Metadata />
			</DesignTimePermissions>
			<RunTimePermissions />
			<VisibilityPermissions>
				<Visibility />
			</VisibilityPermissions>
			<ConfigurationTables />
			<FieldDefinitions>
				<FieldDefinition baseType="STRING" description=""
					name="confirmationCounter" ordinal="7" />
				<FieldDefinition baseType="STRING" description=""
					name="confirmationNo" ordinal="6" />
				<FieldDefinition baseType="STRING" description=""
					name="confQuanUnit" ordinal="14" />
				<FieldDefinition baseType="STRING" description=""
					name="createdAt" ordinal="9" />
				<FieldDefinition baseType="STRING" description=""
					name="createdOn" ordinal="8" />
				<FieldDefinition baseType="DATETIME" description=""
					name="createdTimestamp" ordinal="10" />
				<FieldDefinition baseType="NUMBER" description=""
					name="lotSize" ordinal="4" />
				<FieldDefinition baseType="STRING" description=""
					name="lotSizeUnit" ordinal="5" />
				<FieldDefinition baseType="STRING" description=""
					name="operation" ordinal="16" />
				<FieldDefinition baseType="STRING" description=""
					name="orderId" ordinal="3" />
				<FieldDefinition aspect.isPrimaryKey="true"
					baseType="STRING" description="" name="pk" ordinal="0" />
				<FieldDefinition baseType="STRING" description=""
					name="plant" ordinal="2" />
				<FieldDefinition baseType="NUMBER" description=""
					name="rework" ordinal="13" />
				<FieldDefinition baseType="STRING" description=""
					name="routingCounter" ordinal="18" />
				<FieldDefinition baseType="STRING" description=""
					name="routingNo" ordinal="17" />
				<FieldDefinition baseType="NUMBER" description=""
					name="scrap" ordinal="12" />
				<FieldDefinition baseType="STRING" description=""
					name="sequence" ordinal="15" />
				<FieldDefinition baseType="NUMBER" description=""
					name="timePerPart" ordinal="19" />
				<FieldDefinition baseType="STRING" description=""
					name="timeUnit" ordinal="20" />
				<FieldDefinition baseType="STRING" description=""
					name="workCenter" ordinal="1" />
				<FieldDefinition baseType="NUMBER" description=""
					name="yield" ordinal="11" />
			</FieldDefinitions>
			<ConfigurationChanges>
				<ConfigurationChange changeAction="CREATE"
					changeReason="Created" timestamp="2016-12-10T13:18:21.409+01:00"
					user="Administrator" />
				<ConfigurationChange changeAction="CREATE"
					changeReason="Importing Extension Package Metadata" timestamp="2017-10-19T14:42:41.233+02:00"
					user="SuperUser" />
				<ConfigurationChange changeAction="MODIFY"
					changeReason="Importing Extension Package Metadata" timestamp="2017-10-23T16:21:34.175+02:00"
					user="SuperUser" />
			</ConfigurationChanges>
		</DataShape>
	</DataShapes>
</Entities>