<?xml version="1.0" encoding="UTF-8" standalone="no"?>
<Entities build="b52" majorVersion="8" minorVersion="0"
	modelPersistenceProviderPackage="MssqlPersistenceProviderPackage"
	revision="3" schemaVersion="1000">
	<DataShapes>
		<DataShape baseDataShape="" description=""
			documentationContent="" homeMashup="" lastModifiedDate="2017-11-09T08:50:44.745+01:00"
			name="KBSAPPOIClientInputDataShape" projectName="TWX-Ext-KBsapConnector"
			tags="KBThingWorxInstallationVocabulary:ExtensionSAPConnector">
			<Owner name="adm-flassakm" type="User" />
			<avatar />
			<DesignTimePermissions>
				<Create />
				<Read />
				<Update />
				<Delete />
				<Metadata />
			</DesignTimePermissions>
			<RunTimePermissions>
				<Permissions resourceName="*">
					<PropertyRead>
						<Principal isPermitted="true" name="KBSAPServiceUser"
							type="User" />
					</PropertyRead>
					<PropertyWrite>
						<Principal isPermitted="true" name="KBSAPServiceUser"
							type="User" />
					</PropertyWrite>
					<ServiceInvoke>
					</ServiceInvoke>
					<EventInvoke />
					<EventSubscribe />
				</Permissions>
			</RunTimePermissions>
			<VisibilityPermissions>
				<Visibility>
					<Principal isPermitted="true" name="KBSAPServiceOrganization"
						type="Organization" />
				</Visibility>
			</VisibilityPermissions>
			<ConfigurationTables />
			<FieldDefinitions>
				<FieldDefinition aspect.isPrimaryKey="true"
					baseType="DATETIME" description="" name="TransferDate" ordinal="2" />
				<FieldDefinition baseType="XML" description=""
					name="XMLContent" ordinal="1" />
			</FieldDefinitions>
			<ConfigurationChanges>
				<ConfigurationChange changeAction="CREATE"
					changeReason="header : name : updated, tags : updated&#10;fields : XMLContent : Added, TransferDate : Added&#10;"
					timestamp="2017-11-09T08:50:44.745+01:00" user="adm-flassakm" />
			</ConfigurationChanges>
		</DataShape>
	</DataShapes>
</Entities>