<?xml version="1.0" encoding="UTF-8" standalone="no"?>
<Entities build="b167" majorVersion="8" minorVersion="2"
	modelPersistenceProviderPackage="MssqlPersistenceProviderPackage"
	revision="2" schemaVersion="1020" universal="">
	<Things>
		<Thing description="" documentationContent=""
			effectiveThingPackage="FileRepositoryThing" enabled="true"
			homeMashup="" identifier="" lastModifiedDate="2019-05-22T15:29:41.806+02:00"
			name="KBSapReceiverErrorFileRepositoryThing" projectName="TWX-Ext-KBsapConnector" published="false"
			tags="" thingTemplate="FileRepository" valueStream="">
			<Owner name="adm-flassakm" type="User" />
			<avatar />
			<DesignTimePermissions>
				<Create />
				<Read />
				<Update />
				<Delete />
				<Metadata />
			</DesignTimePermissions>
			<RunTimePermissions>
				<Permissions resourceName="*">
					<PropertyRead>
						<Principal isPermitted="true" name="KBSAPServiceUser"
							type="User" />
					</PropertyRead>
					<PropertyWrite>
						<Principal isPermitted="true" name="KBSAPServiceUser"
							type="User" />
					</PropertyWrite>
					<ServiceInvoke>
						<Principal isPermitted="true" name="KBSAPServiceUser"
							type="User" />
					</ServiceInvoke>
					<EventInvoke />
					<EventSubscribe />
				</Permissions>
			</RunTimePermissions>
			<VisibilityPermissions>
				<Visibility>
					<Principal isPermitted="true" name="KBBackGroundWorker"
						type="Organization" />
				</Visibility>
			</VisibilityPermissions>
			<ConfigurationTables />
			<ThingShape>
				<PropertyDefinitions />
				<ServiceDefinitions />
				<EventDefinitions />
				<ServiceMappings />
				<ServiceImplementations />
				<Subscriptions />
			</ThingShape>
			<PropertyBindings />
			<RemotePropertyBindings />
			<RemoteServiceBindings />
			<RemoteEventBindings />
			<AlertConfigurations />
			<ImplementedShapes />
			<ThingProperties />
			<ConfigurationChanges>
			</ConfigurationChanges>
		</Thing>
	</Things>
</Entities>