<?xml version="1.0" encoding="UTF-8" standalone="no"?>
<Entities build="b52" majorVersion="8" minorVersion="0"
	modelPersistenceProviderPackage="MssqlPersistenceProviderPackage"
	revision="3" schemaVersion="1000">
	<ThingShapes>
		<ThingShape className="" description=""
			documentationContent="" homeMashup="" lastModifiedDate="2017-11-09T09:06:48.966+01:00"
			name="KBSAPPOIClientShape" projectName="TWX-Ext-KBsapConnector"
			tags="KBThingWorxInstallationVocabulary:ExtensionSAPConnector">
			<PropertyDefinitions>
				<PropertyDefinition aspect.cacheTime="0.0"
					aspect.dataChangeType="VALUE" aspect.defaultValue="false"
					aspect.isLogged="false" aspect.isPersistent="true"
					aspect.isReadOnly="false" baseType="BOOLEAN" category=""
					description="" isLocalOnly="false" name="keepProcessedSAPFiles"
					ordinal="1" />
				<PropertyDefinition aspect.cacheTime="0.0"
					aspect.dataChangeType="VALUE" aspect.isLogged="false"
					aspect.isPersistent="true" aspect.isReadOnly="false" baseType="DATETIME"
					category="" description="" isLocalOnly="false" name="lastPOIRun"
					ordinal="2" />
			</PropertyDefinitions>
			<ServiceDefinitions>
				<ServiceDefinition aspect.isAsync="false"
					category="" description="" isAllowOverride="false" isLocalOnly="false"
					isOpen="false" isPrivate="false" name="ParseUserDate">
					<ResultType aspect.dataShape="KBUserKeyValueDataShape"
						baseType="INFOTABLE" description="" name="result" ordinal="0" />
					<ParameterDefinitions>
						<FieldDefinition aspect.dataShape="KBUserKeyValueDataShape"
							baseType="INFOTABLE" description="" name="dataTable" ordinal="5" />
						<FieldDefinition baseType="STRING" description=""
							name="PropertyKey" ordinal="3" />
						<FieldDefinition baseType="STRING" description=""
							name="SAPDate" ordinal="2" />
						<FieldDefinition baseType="STRING" description=""
							name="SAPTime" ordinal="1" />
						<FieldDefinition baseType="STRING" description=""
							name="xmlSOAPContenttext" ordinal="4" />
					</ParameterDefinitions>
				</ServiceDefinition>
				<ServiceDefinition aspect.isAsync="false"
					category="" description="" isAllowOverride="false" isLocalOnly="false"
					isOpen="false" isPrivate="false" name="ParseUserFloat">
					<ResultType aspect.dataShape="KBUserKeyValueDataShape"
						baseType="INFOTABLE" description="" name="result" ordinal="0" />
					<ParameterDefinitions>
						<FieldDefinition aspect.dataShape="KBUserKeyValueDataShape"
							baseType="INFOTABLE" description="" name="dataTable" ordinal="5" />
						<FieldDefinition baseType="STRING" description=""
							name="PropertyKey" ordinal="3" />
						<FieldDefinition baseType="STRING" description=""
							name="SAPFloat" ordinal="4" />
						<FieldDefinition baseType="STRING" description=""
							name="xmlSOAPContenttext" ordinal="4" />
					</ParameterDefinitions>
				</ServiceDefinition>
				<ServiceDefinition aspect.isAsync="false"
					category="" description="" isAllowOverride="false" isLocalOnly="false"
					isOpen="false" isPrivate="false" name="ParseUserFloatWithText">
					<ResultType aspect.dataShape="KBUserKeyValueDataShape"
						baseType="INFOTABLE" description="" name="result" ordinal="0" />
					<ParameterDefinitions>
						<FieldDefinition aspect.dataShape="KBUserKeyValueDataShape"
							baseType="INFOTABLE" description="" name="dataTable" ordinal="5" />
						<FieldDefinition baseType="STRING" description=""
							name="PropertyKey" ordinal="3" />
						<FieldDefinition baseType="STRING" description=""
							name="SAPFloat" ordinal="4" />
						<FieldDefinition baseType="STRING" description=""
							name="SAPText" ordinal="4" />
						<FieldDefinition baseType="STRING" description=""
							name="xmlSOAPContenttext" ordinal="4" />
					</ParameterDefinitions>
				</ServiceDefinition>
				<ServiceDefinition aspect.isAsync="false"
					category="" description="" isAllowOverride="false" isLocalOnly="false"
					isOpen="false" isPrivate="false" name="ParseUserText">
					<ResultType aspect.dataShape="KBUserKeyValueDataShape"
						baseType="INFOTABLE" description="" name="result" ordinal="0" />
					<ParameterDefinitions>
						<FieldDefinition aspect.dataShape="KBUserKeyValueDataShape"
							baseType="INFOTABLE" description="" name="dataTable" ordinal="5" />
						<FieldDefinition baseType="STRING" description=""
							name="PropertyKey" ordinal="3" />
						<FieldDefinition baseType="STRING" description=""
							name="SAPText" ordinal="4" />
						<FieldDefinition baseType="STRING" description=""
							name="xmlSOAPContenttext" ordinal="4" />
					</ParameterDefinitions>
				</ServiceDefinition>
				<ServiceDefinition aspect.isAsync="false"
					category="" description="" isAllowOverride="false" isLocalOnly="false"
					isOpen="false" isPrivate="false" name="ParseOrderDate">
					<ResultType aspect.dataShape="KBOrderKeyValueDataShape"
						baseType="INFOTABLE" description="" name="result" ordinal="0" />
					<ParameterDefinitions>
						<FieldDefinition aspect.dataShape="KBOrderKeyValueDataShape"
							baseType="INFOTABLE" description="" name="dataTable" ordinal="5" />
						<FieldDefinition baseType="STRING" description=""
							name="PropertyKey" ordinal="3" />
						<FieldDefinition baseType="STRING" description=""
							name="SAPDate" ordinal="2" />
						<FieldDefinition baseType="STRING" description=""
							name="SAPTime" ordinal="1" />
						<FieldDefinition baseType="STRING" description=""
							name="xmlSOAPContenttext" ordinal="4" />
					</ParameterDefinitions>
				</ServiceDefinition>
				<ServiceDefinition aspect.isAsync="false"
					category="" description="" isAllowOverride="false" isLocalOnly="false"
					isOpen="false" isPrivate="false" name="ParseOrderFloat">
					<ResultType aspect.dataShape="KBOrderKeyValueDataShape"
						baseType="INFOTABLE" description="" name="result" ordinal="0" />
					<ParameterDefinitions>
						<FieldDefinition aspect.dataShape="KBOrderKeyValueDataShape"
							baseType="INFOTABLE" description="" name="dataTable" ordinal="5" />
						<FieldDefinition baseType="STRING" description=""
							name="PropertyKey" ordinal="3" />
						<FieldDefinition baseType="STRING" description=""
							name="SAPFloat" ordinal="4" />
						<FieldDefinition baseType="STRING" description=""
							name="xmlSOAPContenttext" ordinal="4" />
					</ParameterDefinitions>
				</ServiceDefinition>
				<ServiceDefinition aspect.isAsync="false"
					category="" description="" isAllowOverride="false" isLocalOnly="false"
					isOpen="false" isPrivate="false" name="ParseOrderFloatWithText">
					<ResultType aspect.dataShape="KBOrderKeyValueDataShape"
						baseType="INFOTABLE" description="" name="result" ordinal="0" />
					<ParameterDefinitions>
						<FieldDefinition aspect.dataShape="KBOrderKeyValueDataShape"
							baseType="INFOTABLE" description="" name="dataTable" ordinal="5" />
						<FieldDefinition baseType="STRING" description=""
							name="PropertyKey" ordinal="3" />
						<FieldDefinition baseType="STRING" description=""
							name="SAPFloat" ordinal="4" />
						<FieldDefinition baseType="STRING" description=""
							name="SAPText" ordinal="4" />
						<FieldDefinition baseType="STRING" description=""
							name="xmlSOAPContenttext" ordinal="4" />
					</ParameterDefinitions>
				</ServiceDefinition>
				<ServiceDefinition aspect.isAsync="false"
					category="" description="" isAllowOverride="false" isLocalOnly="false"
					isOpen="false" isPrivate="false" name="ParseOrderText">
					<ResultType aspect.dataShape="KBOrderKeyValueDataShape"
						baseType="INFOTABLE" description="" name="result" ordinal="0" />
					<ParameterDefinitions>
						<FieldDefinition aspect.dataShape="KBOrderKeyValueDataShape"
							baseType="INFOTABLE" description="" name="dataTable" ordinal="5" />
						<FieldDefinition baseType="STRING" description=""
							name="PropertyKey" ordinal="3" />
						<FieldDefinition baseType="STRING" description=""
							name="SAPText" ordinal="4" />
						<FieldDefinition baseType="STRING" description=""
							name="xmlSOAPContenttext" ordinal="4" />
					</ParameterDefinitions>
				</ServiceDefinition>
				<ServiceDefinition aspect.isAsync="false"
					category="" description="" isAllowOverride="false" isLocalOnly="false"
					isOpen="false" isPrivate="false" name="ParseXmlFromBufferTable">
					<ResultType baseType="NOTHING" description="" name="result"
						ordinal="0" />
					<ParameterDefinitions>
						<FieldDefinition baseType="STRING" description=""
							name="xmlSOAPContentxmlName" ordinal="1" />
						<FieldDefinition baseType="STRING" description=""
							name="xmlSOAPContentxmlPath" ordinal="2" />
					</ParameterDefinitions>
				</ServiceDefinition>
				<ServiceDefinition aspect.isAsync="false"
					category="" description="" isAllowOverride="false" isLocalOnly="false"
					isOpen="false" isPrivate="false" name="ParseOrderXmlFromBufferTable">
					<ResultType baseType="NOTHING" description="" name="result"
						ordinal="0" />
					<ParameterDefinitions>
						<FieldDefinition baseType="STRING" description=""
							name="xmlSOAPContentxmlName" ordinal="1" />
						<FieldDefinition baseType="STRING" description=""
							name="xmlSOAPContentxmlPath" ordinal="2" />
					</ParameterDefinitions>
				</ServiceDefinition>
				<ServiceDefinition aspect.isAsync="false"
					category="" description="" isAllowOverride="false" isLocalOnly="false"
					isOpen="false" isPrivate="false" name="GetXmlFromBufferTable">
					<ResultType baseType="NOTHING" description="" name="result"
						ordinal="0" />
					<ParameterDefinitions>
						<FieldDefinition baseType="STRING" description=""
							name="Path" ordinal="1" />
					</ParameterDefinitions>
				</ServiceDefinition>
				<ServiceDefinition aspect.isAsync="false"
					category="" description="" isAllowOverride="false" isLocalOnly="false"
					isOpen="false" isPrivate="false" name="MoveXmlFromBufferTable">
					<ResultType baseType="NOTHING" description="" name="result"
						ordinal="0" />
					<ParameterDefinitions>
						<FieldDefinition baseType="STRING" description=""
							name="Path" ordinal="1" />
					</ParameterDefinitions>
				</ServiceDefinition>
				<ServiceDefinition aspect.isAsync="false"
					category="" description="" isAllowOverride="false" isLocalOnly="false"
					isOpen="false" isPrivate="false" name="SAP2ThingWorx">
					<ResultType baseType="BOOLEAN" description="" name="result"
						ordinal="0" />
					<ParameterDefinitions>
						<FieldDefinition baseType="XML" description=""
							name="XML" ordinal="1" />
					</ParameterDefinitions>
				</ServiceDefinition>
			</ServiceDefinitions>
			<EventDefinitions />
			<ServiceMappings />
			<ServiceImplementations>
				<ServiceImplementation description=""
					handlerName="Script" name="ParseOrderDate">
					<ConfigurationTables>
						<ConfigurationTable description="" isMultiRow="false"
							name="Script" ordinal="0">
							<DataShape>
								<FieldDefinitions>
									<FieldDefinition baseType="STRING" description="code"
										name="code" ordinal="0" />
								</FieldDefinitions>
							</DataShape>
							<Rows>
								<Row>
									<code><![CDATA[var result = dataTable;
			try {
	                var dateString = SAPDate;
	                var timeString = SAPTime;

	                var year = parseInt(dateString.substring(0,4));
	                var month = parseInt(dateString.substring(4,6))-1;
	                var day = parseInt(dateString.substring(6,8));
	                var hour = parseInt(timeString.substring(0,2));
	                var minute = parseInt(timeString.substring(2,4));
	                var second = parseInt(timeString.substring(4,6));
	                
	                if (dateString.substring(4,5) == "0") {month = parseInt(dateString.substring(5,6))-1;}
	                if (dateString.substring(6,7) == "0") {day = parseInt(dateString.substring(7,8));}
	                if (timeString.substring(0,1) == "0") {hour = parseInt(timeString.substring(1,2));}
	                if (timeString.substring(2,3) == "0") {minute = parseInt(timeString.substring(3,4));}
	                if (timeString.substring(4,5) == "0") {second = parseInt(timeString.substring(5,6));}

	                var newDateTime = new Date('01/01/2000');
	                newDateTime.setYear(year);
	                newDateTime.setMonth(month);
	                newDateTime.setDate(day);
	                newDateTime.setHours(hour);
	                newDateTime.setMinutes(minute);
	                newDateTime.setSeconds(second);
	                
				    var DBKPI = Resources["KBThingWorxServerSystem"].GetKPIThingWorxDatabaseThing();
				    var offset = Things[DBKPI].GetUTCOffsetAtDate({DateTime: newDateTime})[0].Offset;
	                newDateTime = dateAddMinutes(newDateTime,offset);
	
	                            // KBOrderKeyValueDataShape entry object
	                var newEntry = new Object();
	                newEntry.DateTimeValue = new Date(newDateTime);
	                newEntry.isDateTimeValue = true; // BOOLEAN
	                newEntry.isFloatValue = false; // BOOLEAN
	                newEntry.isTextValue = false; // BOOLEAN
	                newEntry.Key = PropertyKey; // STRING - isPrimaryKey = true
					logger.debug("KBSAPPOIClientShape/ParseXmlFromBufferTable/ParseOrderDate: "+newEntry.Key+": " + newDateTime);	                
	
	                result.AddRow(newEntry);
	            } catch(err) {
	                logger.error("KBSAPPOIClientShape/ParseXmlFromBufferTable/ParseOrderDate: Error Parsing "+PropertyKey+": " + err + " " + xmlSOAPContenttext);
	            }
]]></code>
								</Row>
							</Rows>
						</ConfigurationTable>
					</ConfigurationTables>
				</ServiceImplementation>
				<ServiceImplementation description=""
					handlerName="Script" name="ParseOrderFloat">
					<ConfigurationTables>
						<ConfigurationTable description="" isMultiRow="false"
							name="Script" ordinal="0">
							<DataShape>
								<FieldDefinitions>
									<FieldDefinition baseType="STRING" description="code"
										name="code" ordinal="0" />
								</FieldDefinitions>
							</DataShape>
							<Rows>
								<Row>
									<code><![CDATA[var result = dataTable;
			try {
	                var newEntry = new Object();
	                newEntry.FloatValue = parseFloat(SAPFloat);
                    if (isNaN(newEntry.FloatValue)) {
                        newEntry.FloatValue = 0; 
                    }
	                newEntry.isDateTimeValue = false; // BOOLEAN
	                newEntry.isFloatValue = true; // BOOLEAN
	                newEntry.isTextValue = false; // BOOLEAN
	                newEntry.Key = PropertyKey; // STRING - isPrimaryKey = true
					logger.debug("KBSAPPOIClientShape/ParseXmlFromBufferTable/ParseOrderFloat: "+newEntry.Key+": " + newEntry.FloatValue);	                
	
	                result.AddRow(newEntry);
	            } catch(err) {
	                logger.error("KBSAPPOIClientShape/ParseXmlFromBufferTable/ParseOrderFloat: Error Parsing "+PropertyKey+": " + err + " " + xmlSOAPContenttext);
	            }
]]></code>
								</Row>
							</Rows>
						</ConfigurationTable>
					</ConfigurationTables>
				</ServiceImplementation>
				<ServiceImplementation description=""
					handlerName="Script" name="ParseOrderFloatWithText">
					<ConfigurationTables>
						<ConfigurationTable description="" isMultiRow="false"
							name="Script" ordinal="0">
							<DataShape>
								<FieldDefinitions>
									<FieldDefinition baseType="STRING" description="code"
										name="code" ordinal="0" />
								</FieldDefinitions>
							</DataShape>
							<Rows>
								<Row>
									<code><![CDATA[var result = dataTable;
			try {
	                var newEntry = new Object();
	                newEntry.TextValue = SAPText; 
	                newEntry.FloatValue = parseFloat(SAPFloat);
                    if (isNaN(newEntry.FloatValue)) {
                        newEntry.FloatValue = 0; 
                    }
	                newEntry.isDateTimeValue = false; // BOOLEAN
	                newEntry.isFloatValue = true; // BOOLEAN
	                newEntry.isTextValue = true; // BOOLEAN
	                newEntry.Key = PropertyKey; // STRING - isPrimaryKey = true
					logger.debug("KBSAPPOIClientShape/ParseXmlFromBufferTable/ParseOrderFloatWithText: "+newEntry.Key+": " + newEntry.FloatValue);	                
	
	                result.AddRow(newEntry);
	            } catch(err) {
	                logger.error("KBSAPPOIClientShape/ParseXmlFromBufferTable/ParseOrderFloatWithText: Error Parsing "+PropertyKey+": " + err + " " + xmlSOAPContenttext);
	            }
]]></code>
								</Row>
							</Rows>
						</ConfigurationTable>
					</ConfigurationTables>
				</ServiceImplementation>
				<ServiceImplementation description=""
					handlerName="Script" name="ParseOrderText">
					<ConfigurationTables>
						<ConfigurationTable description="" isMultiRow="false"
							name="Script" ordinal="0">
							<DataShape>
								<FieldDefinitions>
									<FieldDefinition baseType="STRING" description="code"
										name="code" ordinal="0" />
								</FieldDefinitions>
							</DataShape>
							<Rows>
								<Row>
									<code><![CDATA[var result = dataTable;
			try {
	                // KBOrderKeyValueDataShape entry object
	                var newEntry = new Object();
	                newEntry.TextValue = SAPText; 
	                newEntry.isDateTimeValue = false; // BOOLEAN
	                newEntry.isFloatValue = false; // BOOLEAN
	                newEntry.isTextValue = true; // BOOLEAN
	                newEntry.Key = PropertyKey; // STRING - isPrimaryKey = true
					logger.debug("KBSAPPOIClientShape/ParseXmlFromBufferTable/ParseOrderText: "+newEntry.Key+": " + newEntry.TextValue);	                
	
	                result.AddRow(newEntry);
	            } catch(err) {
	                logger.error("KBSAPPOIClientShape/ParseXmlFromBufferTable/ParseOrderText: Error Parsing "+PropertyKey+": " + err + " " + xmlSOAPContenttext);
	            }
]]></code>
								</Row>
							</Rows>
						</ConfigurationTable>
					</ConfigurationTables>
				</ServiceImplementation>
				<ServiceImplementation description=""
					handlerName="Script" name="ParseUserDate">
					<ConfigurationTables>
						<ConfigurationTable description="" isMultiRow="false"
							name="Script" ordinal="0">
							<DataShape>
								<FieldDefinitions>
									<FieldDefinition baseType="STRING" description="code"
										name="code" ordinal="0" />
								</FieldDefinitions>
							</DataShape>
							<Rows>
								<Row>
									<code><![CDATA[var result = dataTable;
			try {
	                var dateString = SAPDate;
	                var timeString = SAPTime;

	                var year = parseInt(dateString.substring(0,4));
	                var month = parseInt(dateString.substring(4,6))-1;
	                var day = parseInt(dateString.substring(6,8));
	                var hour = parseInt(timeString.substring(0,2));
	                var minute = parseInt(timeString.substring(2,4));
	                var second = parseInt(timeString.substring(4,6));
	                
	                if (dateString.substring(4,5) == "0") {month = parseInt(dateString.substring(5,6))-1;}
	                if (dateString.substring(6,7) == "0") {day = parseInt(dateString.substring(7,8));}
	                if (timeString.substring(0,1) == "0") {hour = parseInt(timeString.substring(1,2));}
	                if (timeString.substring(2,3) == "0") {minute = parseInt(timeString.substring(3,4));}
	                if (timeString.substring(4,5) == "0") {second = parseInt(timeString.substring(5,6));}

	                var newDateTime = new Date('01/01/2000');
	                newDateTime.setYear(year);
	                newDateTime.setMonth(month);
	                newDateTime.setDate(day);
	                newDateTime.setHours(hour);
	                newDateTime.setMinutes(minute);
	                newDateTime.setSeconds(second);
	
	                            // KBOrderKeyValueDataShape entry object
	                var newEntry = new Object();
	                newEntry.DateTimeValue = new Date(newDateTime);
	                newEntry.isDateTimeValue = true; // BOOLEAN
	                newEntry.isFloatValue = false; // BOOLEAN
	                newEntry.isTextValue = false; // BOOLEAN
	                newEntry.Key = PropertyKey; // STRING - isPrimaryKey = true
					logger.debug("KBSAPPOIClientShape/ParseXmlFromBufferTable/ParseUserDate: "+newEntry.Key+": " + newDateTime);	                
	
	                result.AddRow(newEntry);
	            } catch(err) {
	                logger.error("KBSAPPOIClientShape/ParseXmlFromBufferTable/ParseUserDate: Error Parsing "+PropertyKey+": " + err + " " + xmlSOAPContenttext);
	            }
]]></code>
								</Row>
							</Rows>
						</ConfigurationTable>
					</ConfigurationTables>
				</ServiceImplementation>
				<ServiceImplementation description=""
					handlerName="Script" name="ParseUserFloat">
					<ConfigurationTables>
						<ConfigurationTable description="" isMultiRow="false"
							name="Script" ordinal="0">
							<DataShape>
								<FieldDefinitions>
									<FieldDefinition baseType="STRING" description="code"
										name="code" ordinal="0" />
								</FieldDefinitions>
							</DataShape>
							<Rows>
								<Row>
									<code><![CDATA[var result = dataTable;
			try {
	                var newEntry = new Object();
	                newEntry.FloatValue = parseFloat(SAPFloat);
                    if (isNaN(newEntry.FloatValue)) {
                        newEntry.FloatValue = 0; 
                    }
	                newEntry.isDateTimeValue = false; // BOOLEAN
	                newEntry.isFloatValue = true; // BOOLEAN
	                newEntry.isTextValue = false; // BOOLEAN
	                newEntry.Key = PropertyKey; // STRING - isPrimaryKey = true
					logger.debug("KBSAPPOIClientShape/ParseXmlFromBufferTable/ParseUserFloat: "+newEntry.Key+": " + newEntry.FloatValue);	                
	
	                result.AddRow(newEntry);
	            } catch(err) {
	                logger.error("KBSAPPOIClientShape/ParseXmlFromBufferTable/ParseUserFloat: Error Parsing "+PropertyKey+": " + err + " " + xmlSOAPContenttext);
	            }
]]></code>
								</Row>
							</Rows>
						</ConfigurationTable>
					</ConfigurationTables>
				</ServiceImplementation>
				<ServiceImplementation description=""
					handlerName="Script" name="ParseUserFloatWithText">
					<ConfigurationTables>
						<ConfigurationTable description="" isMultiRow="false"
							name="Script" ordinal="0">
							<DataShape>
								<FieldDefinitions>
									<FieldDefinition baseType="STRING" description="code"
										name="code" ordinal="0" />
								</FieldDefinitions>
							</DataShape>
							<Rows>
								<Row>
									<code><![CDATA[var result = dataTable;
			try {
	                var newEntry = new Object();
	                newEntry.TextValue = SAPText; 
	                newEntry.FloatValue = parseFloat(SAPFloat);
                    if (isNaN(newEntry.FloatValue)) {
                        newEntry.FloatValue = 0; 
                    }
	                newEntry.isDateTimeValue = false; // BOOLEAN
	                newEntry.isFloatValue = true; // BOOLEAN
	                newEntry.isTextValue = true; // BOOLEAN
	                newEntry.Key = PropertyKey; // STRING - isPrimaryKey = true
					logger.debug("KBSAPPOIClientShape/ParseXmlFromBufferTable/ParseUserFloatWithText: "+newEntry.Key+": " + newEntry.FloatValue);	                
	
	                result.AddRow(newEntry);
	            } catch(err) {
	                logger.error("KBSAPPOIClientShape/ParseXmlFromBufferTable/ParseUserFloatWithText: Error Parsing "+PropertyKey+": " + err + " " + xmlSOAPContenttext);
	            }
]]></code>
								</Row>
							</Rows>
						</ConfigurationTable>
					</ConfigurationTables>
				</ServiceImplementation>
				<ServiceImplementation description=""
					handlerName="Script" name="ParseUserText">
					<ConfigurationTables>
						<ConfigurationTable description="" isMultiRow="false"
							name="Script" ordinal="0">
							<DataShape>
								<FieldDefinitions>
									<FieldDefinition baseType="STRING" description="code"
										name="code" ordinal="0" />
								</FieldDefinitions>
							</DataShape>
							<Rows>
								<Row>
									<code><![CDATA[var result = dataTable;
			try {
	                // KBOrderKeyValueDataShape entry object
	                var newEntry = new Object();
	                newEntry.TextValue = SAPText; 
	                newEntry.isDateTimeValue = false; // BOOLEAN
	                newEntry.isFloatValue = false; // BOOLEAN
	                newEntry.isTextValue = true; // BOOLEAN
	                newEntry.Key = PropertyKey; // STRING - isPrimaryKey = true
					logger.debug("KBSAPPOIClientShape/ParseXmlFromBufferTable/ParseUserText: "+newEntry.Key+": " + newEntry.TextValue);	                
	
	                result.AddRow(newEntry);
	            } catch(err) {
	                logger.error("KBSAPPOIClientShape/ParseXmlFromBufferTable/ParseUserText: Error Parsing "+PropertyKey+": " + err + " " + xmlSOAPContenttext);
	            }
]]></code>
								</Row>
							</Rows>
						</ConfigurationTable>
					</ConfigurationTables>
				</ServiceImplementation>
				<ServiceImplementation description=""
					handlerName="Script" name="GetXmlFromBufferTable">
					<ConfigurationTables>
						<ConfigurationTable description="Script"
							isMultiRow="false" name="Script" ordinal="0">
							<DataShape>
								<FieldDefinitions>
									<FieldDefinition baseType="STRING" description="code"
										name="code" ordinal="0" />
								</FieldDefinitions>
							</DataShape>
							<Rows>
								<Row>
									<code>
											<![CDATA[

try {
	logger.debug("KBSAPPOIClientShape/GetXmlFromBufferTable "+ me.name+": Start");
	
	var nameMask = me.name+"*";

	var params = {
		path: Path /* STRING */,
		nameMask: nameMask /* STRING */
	};
	
	// result: INFOTABLE dataShape: FileSystemFile
	var list = Things["KBSapReceiverFileRepositoryThing"].ListFiles(params);
    
    var filesPerCycle = 50;
    var numberOfRows = list.getRowCount();
    if (numberOfRows > filesPerCycle) {
    	numberOfRows = filesPerCycle;
    }
    
    logger.debug("KBSAPPOIClientShape/GetXmlFromBufferTable "+ me.name+":  rows "+numberOfRows);
    
    var result = 0;

    for (var i = 0; i<numberOfRows; i++) {
        try {
            var xmlSOAPContentxmlName = list.rows[i].name;
            var xmlSOAPContentxmlPath = list.rows[i].path;
            
			var params = {
				xmlSOAPContentxmlName: xmlSOAPContentxmlName /* STRING */,
				xmlSOAPContentxmlPath: xmlSOAPContentxmlPath /* STRING */
			};
			
			me.ParseXmlFromBufferTable(params);
		} catch(err) {
		    logger.error("KBSAPPOIClientShape/GetXmlFromBufferTable "+ me.name+": Error Parsing XML: " + err);
		}
    }
} catch(err) {
    logger.error("KBSAPPOIClientShape/GetXmlFromBufferTable "+ me.name+": Error Parsing XML: " + err);
}

]]>
									</code>
								</Row>
							</Rows>
						</ConfigurationTable>
					</ConfigurationTables>
				</ServiceImplementation>
				<ServiceImplementation description=""
					handlerName="Script" name="MoveXmlFromBufferTable">
					<ConfigurationTables>
						<ConfigurationTable description="Script"
							isMultiRow="false" name="Script" ordinal="0">
							<DataShape>
								<FieldDefinitions>
									<FieldDefinition baseType="STRING" description="code"
										name="code" ordinal="0" />
								</FieldDefinitions>
							</DataShape>
							<Rows>
								<Row>
									<code>
											<![CDATA[

try {
	logger.debug("KBSAPPOIClientShape/MoveXmlFromBufferTable "+ me.name+": Start");
	
	var nameMask = me.name+"*";

	var params = {
		path: Path /* STRING */,
		nameMask: nameMask /* STRING */
	};
	
	// result: INFOTABLE dataShape: FileSystemFile
	var list = Things["KBSapReceiverFileRepositoryThing"].ListFiles(params);
    
    var filesPerCycle = 50;
    var numberOfRows = list.getRowCount();
    if (numberOfRows > filesPerCycle) {
    	numberOfRows = filesPerCycle;
    }
    
    logger.debug("KBSAPPOIClientShape/MoveXmlFromBufferTable "+ me.name+":  rows "+numberOfRows);
    
    var result = 0;

    for (var i = 0; i<numberOfRows; i++) {
        try {
            var xmlSOAPContentxmlName = list.rows[i].name;
            var xmlSOAPContentxmlPath = list.rows[i].path;
            
			var params = {
				xmlSOAPContentxmlName: xmlSOAPContentxmlName /* STRING */,
				xmlSOAPContentxmlPath: xmlSOAPContentxmlPath /* STRING */
			};
			
			me.ParseOrderXmlFromBufferTable(params);
		} catch(err) {
		    logger.error("KBSAPPOIClientShape/MoveXmlFromBufferTable "+ me.name+": Error Parsing XML: " + err);
		}
    }
} catch(err) {
    logger.error("KBSAPPOIClientShape/MoveXmlFromBufferTable "+ me.name+": Error Parsing XML: " + err);
}

]]>
									</code>
								</Row>
							</Rows>
						</ConfigurationTable>
					</ConfigurationTables>
				</ServiceImplementation>
				<ServiceImplementation description=""
					handlerName="Script" name="ParseXmlFromBufferTable">
					<ConfigurationTables>
						<ConfigurationTable description="Script"
							isMultiRow="false" name="Script" ordinal="0">
							<DataShape>
								<FieldDefinitions>
									<FieldDefinition baseType="STRING" description="code"
										name="code" ordinal="0" />
								</FieldDefinitions>
							</DataShape>
							<Rows>
								<Row>
									<code>
											<![CDATA[
try {
		me.lastPOIRun = new Date();
        var ordernumber = "unknown";
        var PlantId = "NN";
		// result: STRING
	    var DBKPI = Resources["KBThingWorxServerSystem"].GetKPIThingWorxDatabaseThing();
        try {
            var xmlSOAPSystemName = xmlSOAPContentxmlName.substring(0,xmlSOAPContentxmlName.length - 17 - 36);
            
            logger.debug("KBSAPPOIClientShape/ParseXmlFromBufferTable: "+xmlSOAPContentxmlName);
            logger.debug("KBSAPPOIClientShape/ParseXmlFromBufferTable: "+xmlSOAPContentxmlPath);
            
            var params = {
				path: xmlSOAPContentxmlPath /* STRING */
			};
			
			var xmlSOAPContenttext = String(Things["KBSapReceiverFileRepositoryThing"].LoadText(params));
			if (xmlSOAPContenttext.substring(0,2) == "<?") {
			    xmlSOAPContenttext = xmlSOAPContenttext.substring(xmlSOAPContenttext.indexOf("?>")+2);
			}
			var lastChar = xmlSOAPContenttext.lastIndexOf(">");
			if (lastChar > 0 && xmlSOAPContenttext.substring(lastChar-1,lastChar+1) == ">>") {
			    xmlSOAPContenttext = xmlSOAPContenttext.substring(0, lastChar);
			}           
            var xmlSOAPContentxml = new XML(xmlSOAPContenttext);
            var xmlSOAPContentname = xmlSOAPContentxml.*::IDOC.*::EDI_DC40.*::IDOCTYP;
            var xmlSOAPContentIdoc = xmlSOAPContentxml.*::IDOC.*::EDI_DC40.*::DOCNUM;
	        var xmlSOAPContentOrder = xmlSOAPContentxml.*::IDOC.*::E1AFKOL.*::AUFNR; // STRING
            
            logger.warn("KBSAPPOIClientShape/ParseXmlFromBufferTable: "+xmlSOAPContentname+"-"+xmlSOAPContentIdoc+"-"+xmlSOAPContentOrder);

            if (xmlSOAPContentname == "LOIPRO01") {

	            var params = {
	                infoTableName : "InfoTable",
	                dataShapeName : "KBOrderKeyValueDataShape"
	            };
	
	            // CreateInfoTableFromDataShape(infoTableName:STRING("InfoTable"), dataShapeName:STRING):INFOTABLE(KBOrderKeyValueDataShape)
	            var dataTable = Resources["InfoTableFunctions"].CreateInfoTableFromDataShape(params);

				//*****************************************************************************************
				//START LOIPRO*****************************************************************************************
				//*****************************************************************************************
				var isProductionStarted = false;
	            try {
	                ordernumber = xmlSOAPContentxml.*::IDOC.*::E1AFKOL.*::AUFNR; // STRING
					logger.debug("KBSAPPOIClientShape/ParseXmlFromBufferTable: Parsing Ordernumber: " + ordernumber);	                
	            } catch(err) {
	                logger.error("KBSAPPOIClientShape/ParseXmlFromBufferTable: Error Parsing OrderNumber: " + err + " " + xmlSOAPContenttext);
	            }

				//*****************************************************************************************
				dataTable =  me.ParseOrderDate({ SAPDate: xmlSOAPContentxml.*::IDOC.*::E1AFKOL.*::GLTRP, SAPTime: xmlSOAPContentxml.*::IDOC.*::E1AFKOL.*::GLUZP, PropertyKey: "BasicFinishDate", xmlSOAPContenttext: xmlSOAPContenttext, dataTable: dataTable});
				dataTable =  me.ParseOrderDate({ SAPDate: xmlSOAPContentxml.*::IDOC.*::E1AFKOL.*::GSTRP, SAPTime: xmlSOAPContentxml.*::IDOC.*::E1AFKOL.*::GSUZP, PropertyKey: "BasicStartDate", xmlSOAPContenttext: xmlSOAPContenttext, dataTable: dataTable});
				dataTable =  me.ParseOrderDate({ SAPDate: xmlSOAPContentxml.*::IDOC.*::E1AFKOL.*::GLTRS, SAPTime: xmlSOAPContentxml.*::IDOC.*::E1AFKOL.*::GLUZS, PropertyKey: "ScheduledFinishDate", xmlSOAPContenttext: xmlSOAPContenttext, dataTable: dataTable});
				dataTable =  me.ParseOrderDate({ SAPDate: xmlSOAPContentxml.*::IDOC.*::E1AFKOL.*::GSTRS, SAPTime: xmlSOAPContentxml.*::IDOC.*::E1AFKOL.*::GSUZS, PropertyKey: "ScheduledStartDate", xmlSOAPContenttext: xmlSOAPContenttext, dataTable: dataTable});

				dataTable =  me.ParseOrderFloat({ SAPFloat: xmlSOAPContentxml.*::IDOC.*::E1AFKOL.*::GAMNG, PropertyKey: "TotalOrderQuantity", xmlSOAPContenttext: xmlSOAPContenttext, dataTable: dataTable});

				dataTable =  me.ParseOrderText({ SAPText: xmlSOAPContentxml.*::IDOC.*::E1AFKOL.*::Z1E1AFKOL.*::MAKTX, PropertyKey: "MaterialDescription", xmlSOAPContenttext: xmlSOAPContenttext, dataTable: dataTable});
				dataTable =  me.ParseOrderText({ SAPText: xmlSOAPContentxml.*::IDOC.*::E1AFKOL.*::Z1E1AFKOL.*::ZZSNPRE, PropertyKey: "Materialrevision", xmlSOAPContenttext: xmlSOAPContenttext, dataTable: dataTable});
				dataTable =  me.ParseOrderText({ SAPText: xmlSOAPContentxml.*::IDOC.*::E1AFKOL.*::Z1E1AFKOL.*::MAUFNR, PropertyKey: "SuperiorOrder", xmlSOAPContenttext: xmlSOAPContenttext, dataTable: dataTable});
				dataTable =  me.ParseOrderText({ SAPText: xmlSOAPContentxml.*::IDOC.*::E1AFKOL.*::Z1E1AFKOL.*::LEAD_AUFNR, PropertyKey: "LeadingOrder", xmlSOAPContenttext: xmlSOAPContenttext, dataTable: dataTable});
				dataTable =  me.ParseOrderText({ SAPText: xmlSOAPContentxml.*::IDOC.*::E1AFKOL.*::Z1E1AFKOL.*::PROJN, PropertyKey: "ProjectNumber", xmlSOAPContenttext: xmlSOAPContenttext, dataTable: dataTable});
				dataTable =  me.ParseOrderText({ SAPText: xmlSOAPContentxml.*::IDOC.*::E1AFKOL.*::GMEIN, PropertyKey: "BaseUnitofMeasure", xmlSOAPContenttext: xmlSOAPContenttext, dataTable: dataTable});
				dataTable =  me.ParseOrderText({ SAPText: xmlSOAPContentxml.*::IDOC.*::E1AFKOL.*::AUART, PropertyKey: "OrderType", xmlSOAPContenttext: xmlSOAPContenttext, dataTable: dataTable});
				dataTable =  me.ParseOrderText({ SAPText: xmlSOAPContentxml.*::IDOC.*::E1AFKOL.*::AUTYP, PropertyKey: "OrderCategory", xmlSOAPContenttext: xmlSOAPContenttext, dataTable: dataTable});
				dataTable =  me.ParseOrderText({ SAPText: xmlSOAPContentxml.*::IDOC.*::E1AFKOL.*::WERKS, PropertyKey: "Plant", xmlSOAPContenttext: xmlSOAPContenttext, dataTable: dataTable});
				dataTable =  me.ParseOrderText({ SAPText: xmlSOAPContentxml.*::IDOC.*::E1AFKOL.*::MATNR, PropertyKey: "MaterialNumber", xmlSOAPContenttext: xmlSOAPContenttext, dataTable: dataTable});
				dataTable =  me.ParseOrderText({ SAPText: xmlSOAPContentxml.*::IDOC.*::E1AFKOL.*::E1JSTKL.*::STAT, PropertyKey: "Head-Status", xmlSOAPContenttext: xmlSOAPContenttext, dataTable: dataTable});





				if (me.name == "KBRailSAPServer"){
					dataTable =  me.ParseOrderText({ SAPText: xmlSOAPContentxml.*::IDOC.*::E1AFKOL.*::Z1E1AFKOL.*::KDMAT, PropertyKey: "CustomerMaterialNumber", xmlSOAPContenttext: xmlSOAPContenttext, dataTable: dataTable});
					dataTable =  me.ParseOrderText({ SAPText: xmlSOAPContentxml.*::IDOC.*::E1AFKOL.*::Z1E1AFKOL.*::NAME1, PropertyKey: "CustomerName", xmlSOAPContenttext: xmlSOAPContenttext, dataTable: dataTable});
					dataTable =  me.ParseOrderText({ SAPText: xmlSOAPContentxml.*::IDOC.*::E1AFKOL.*::Z1E1AFKOL.*::ZZMODIF_STAT, PropertyKey: "ModificationLevel", xmlSOAPContenttext: xmlSOAPContenttext, dataTable: dataTable});
					dataTable =  me.ParseOrderText({ SAPText: xmlSOAPContentxml.*::IDOC.*::E1AFKOL.*::E1AFPOL.*::ZE1AFPOL.*::ZEAN11, PropertyKey: "EAN11", xmlSOAPContenttext: xmlSOAPContenttext, dataTable: dataTable});
					dataTable =  me.ParseOrderText({ SAPText: xmlSOAPContentxml.*::IDOC.*::E1AFKOL.*::E1AFPOL.*::ZE1AFPOL.*::ZZTYPKURZBEZ, PropertyKey: "FamilyCode", xmlSOAPContenttext: xmlSOAPContenttext, dataTable: dataTable});
					dataTable =  me.ParseOrderText({ SAPText: xmlSOAPContentxml.*::IDOC.*::E1AFKOL.*::E1AFPOL.*::ZE1AFPOL.*::NTGEW, PropertyKey: "Weight", xmlSOAPContenttext: xmlSOAPContenttext, dataTable: dataTable});
					dataTable =  me.ParseOrderFloat({ SAPFloat: "1", PropertyKey: "MSOrderQuantity", xmlSOAPContenttext: "fix", dataTable: dataTable});

				}

				if (me.name == "KBTruckSAPServer"){
					dataTable =  me.ParseOrderText({ SAPText: xmlSOAPContentxml.*::IDOC.*::E1AFKOL.*::YYP_E1AFKOL.*::YYM_TYPENUMBER, PropertyKey: "MaterialTypeNumber", xmlSOAPContenttext: xmlSOAPContenttext, dataTable: dataTable});
					dataTable =  me.ParseOrderText({ SAPText: xmlSOAPContentxml.*::IDOC.*::E1AFKOL.*::YYP_E1AFKOL.*::KDMAT, PropertyKey: "CustomerMaterialNumber", xmlSOAPContenttext: xmlSOAPContenttext, dataTable: dataTable});
					dataTable =  me.ParseOrderText({ SAPText: xmlSOAPContentxml.*::IDOC.*::E1AFKOL.*::YYP_E1AFKOL.*::YYM_REVISION, PropertyKey: "MaterialRevision", xmlSOAPContenttext: xmlSOAPContenttext, dataTable: dataTable});
					dataTable =  me.ParseOrderText({ SAPText: xmlSOAPContentxml.*::IDOC.*::E1AFKOL.*::YYP_E1AFHUM, PropertyKey: "HandlingUnits", xmlSOAPContenttext: xmlSOAPContenttext, dataTable: dataTable});
				}
	
	            try {
			        PlantId = xmlSOAPContentxml.*::IDOC.*::E1AFKOL.*::WERKS;
	            } catch(err) {
	                logger.error("KBSAPPOIClientShape/ParseXmlFromBufferTable: Error Parsing PlantId: " + err + " " + xmlSOAPContenttext);
	            }
	            
	            try {
					var SERNR = xmlSOAPContentxml.*::IDOC.*::E1AFKOL.*::E1AFPOL.*::ZE1AFSER.*::SERNR;
					if (SERNR.length() == 0) {
			            SERNR = "<SERNR/>";
					} else if (SERNR.length() == 1) {
			            SERNR = "<SERNR>"+SERNR+"</SERNR>";
					} 
					dataTable =  me.ParseOrderText({ SAPText: SERNR, PropertyKey: "SerialNumbers", xmlSOAPContenttext: xmlSOAPContenttext, dataTable: dataTable});
					
	            } catch(err) {
	                logger.error("KBSAPPOIClientShape/ParseXmlFromBufferTable: Error Parsing PlantId: " + err + " " + xmlSOAPContenttext);
	            }
	            
	            
				//*****************************************************************************************
				var E1AFFLL = xmlSOAPContentxml.*::IDOC.*::E1AFKOL.*::E1AFFLL;
				var E1AFFLL_Length = E1AFFLL.length();
	            
				for (var xx = 0; xx<E1AFFLL_Length; xx++) {
				
					if (E1AFFLL[xx].*::PLNFL == "0")	{
						logger.debug("KBSAPPOIClientShape/ParseXmlFromBufferTable: PLNFL = 0!");	                
	            
			            try {
			            	var OPS = E1AFFLL[xx].*::E1AFVOL.*::VORNR;
							//var OPS = xmlSOAPContentxml.*::IDOC.*::E1AFKOL.*::E1AFFLL.*::E1AFVOL.*::VORNR;
							if (OPS.length() == 0) {
					            OPS = "<VORNR/>";
							} else if (OPS.length() == 1) {
					            OPS = "<VORNR>"+OPS+"</VORNR>";
							}
							dataTable =  me.ParseOrderText({ SAPText: OPS, PropertyKey: "Operations", xmlSOAPContenttext: xmlSOAPContenttext, dataTable: dataTable});
			            } catch(err) {
			                logger.error("KBSAPPOIClientShape/ParseXmlFromBufferTable: Error Parsing Operations: " + err + " " + xmlSOAPContenttext);
			            }
		
		
						//*****************************************************************************************
						var E1AFVOL = E1AFFLL[xx].*::E1AFVOL;
						var E1AFVOL_Length = E1AFVOL.length();
		
						for (var x = 0; x<E1AFVOL_Length; x++) {
		                	var vornr = E1AFVOL[x].*::VORNR.toString();
		
			                try {
				                if (parseFloat(E1AFVOL[x].*::LMNGA) > 0 || parseFloat(E1AFVOL[x].*::XMNGA) > 0 || parseFloat(E1AFVOL[x].*::RMNGA) > 0) {
									isProductionStarted = true;
								}	                
				            } catch(err) {
				                logger.error("KBSAPPOIClientShape/ParseXmlFromBufferTable: Error Parsing ProductionStarted: " + err + " " + xmlSOAPContenttext);
				            }
		
							if (me.name == "KBTruckSAPServer"){
								dataTable =  me.ParseOrderText({ SAPText: E1AFVOL[x].*::YYP_E1AFVOL.*::RUECK, PropertyKey: "ConfirmationNumber"+"-"+vornr, xmlSOAPContenttext: xmlSOAPContenttext, dataTable: dataTable});
								dataTable =  me.ParseOrderFloatWithText({ SAPFloat: E1AFVOL[x].*::USR05, SAPText: E1AFVOL[x].*::USE05, PropertyKey: "PlannedNumberOfWorkers"+"-"+vornr, xmlSOAPContenttext: xmlSOAPContenttext, dataTable: dataTable});
								dataTable =  me.ParseOrderFloatWithText({ SAPFloat: E1AFVOL[x].*::VGW01, SAPText: E1AFVOL[x].*::VGE01, PropertyKey: "SetupTimeCO"+"-"+vornr, xmlSOAPContenttext: xmlSOAPContenttext, dataTable: dataTable});
								dataTable =  me.ParseOrderFloatWithText({ SAPFloat: E1AFVOL[x].*::VGW02, SAPText: E1AFVOL[x].*::VGE02, PropertyKey: "ProcessingTimeCO"+"-"+vornr, xmlSOAPContenttext: xmlSOAPContenttext, dataTable: dataTable});
								dataTable =  me.ParseOrderFloatWithText({ SAPFloat: E1AFVOL[x].*::VGW03, SAPText: E1AFVOL[x].*::VGE03, PropertyKey: "SetupTimeAPO"+"-"+vornr, xmlSOAPContenttext: xmlSOAPContenttext, dataTable: dataTable});
								dataTable =  me.ParseOrderFloatWithText({ SAPFloat: E1AFVOL[x].*::VGW04, SAPText: E1AFVOL[x].*::VGE04, PropertyKey: "ProcessingTimeAPO"+"-"+vornr, xmlSOAPContenttext: xmlSOAPContenttext, dataTable: dataTable});
								dataTable =  me.ParseOrderFloatWithText({ SAPFloat: E1AFVOL[x].*::VGW05, SAPText: E1AFVOL[x].*::VGE05, PropertyKey: "tgMaxTime"+"-"+vornr, xmlSOAPContenttext: xmlSOAPContenttext, dataTable: dataTable});
							}
		
							if (me.name == "KBRailSAPServer"){
								dataTable =  me.ParseOrderText({ SAPText: E1AFVOL[x].*::Z1E1AFVOL.*::RUECK, PropertyKey: "ConfirmationNumber"+"-"+vornr, xmlSOAPContenttext: xmlSOAPContenttext, dataTable: dataTable});
								dataTable =  me.ParseOrderText({ SAPText: E1AFVOL[x].*::Z1E1AFFHL.*::FHMNR, PropertyKey: "NC-Program"+"-"+vornr, xmlSOAPContenttext: xmlSOAPContenttext, dataTable: dataTable});
								var Z1E1AFFHL = E1AFVOL[x].*::Z1E1AFFHL;
								var Z1E1AFFHL_length = Z1E1AFFHL.length();
								for (var x_Z1E1AFFHL = 0; x_Z1E1AFFHL < Z1E1AFFHL_length; x_Z1E1AFFHL++) {
									dataTable =  me.ParseOrderText({ SAPText: Z1E1AFFHL[x_Z1E1AFFHL].*::FHMNR, PropertyKey: "NC-Program"+"-"+x_Z1E1AFFHL+"-"+vornr, xmlSOAPContenttext: xmlSOAPContenttext, dataTable: dataTable});
								}

								var routingStandard = E1AFVOL[x].*::VGWTS;
								dataTable =  me.ParseOrderText({ SAPText: routingStandard, PropertyKey: "RoutingStandard"+"-"+vornr, xmlSOAPContenttext: xmlSOAPContenttext, dataTable: dataTable});
								if (routingStandard == "ZKB1"){
									dataTable =  me.ParseOrderFloatWithText({ SAPFloat: E1AFVOL[x].*::VGW01, SAPText: E1AFVOL[x].*::VGE01, PropertyKey: "SetupTimeLabor"+"-"+vornr, xmlSOAPContenttext: xmlSOAPContenttext, dataTable: dataTable});
									dataTable =  me.ParseOrderFloatWithText({ SAPFloat: E1AFVOL[x].*::VGW02, SAPText: E1AFVOL[x].*::VGE02, PropertyKey: "LaborTime"+"-"+vornr, xmlSOAPContenttext: xmlSOAPContenttext, dataTable: dataTable});
									dataTable =  me.ParseOrderFloatWithText({ SAPFloat: E1AFVOL[x].*::VGW03, SAPText: E1AFVOL[x].*::VGE03, PropertyKey: "SetupTimeMachine"+"-"+vornr, xmlSOAPContenttext: xmlSOAPContenttext, dataTable: dataTable});
									dataTable =  me.ParseOrderFloatWithText({ SAPFloat: E1AFVOL[x].*::VGW04, SAPText: E1AFVOL[x].*::VGE04, PropertyKey: "MachineTime"+"-"+vornr, xmlSOAPContenttext: xmlSOAPContenttext, dataTable: dataTable});
									dataTable =  me.ParseOrderFloatWithText({ SAPFloat: E1AFVOL[x].*::VGW05, SAPText: E1AFVOL[x].*::VGE05, PropertyKey: "MachineLoadingTime"+"-"+vornr, xmlSOAPContenttext: xmlSOAPContenttext, dataTable: dataTable});
								} else {
									dataTable =  me.ParseOrderFloatWithText({ SAPFloat: E1AFVOL[x].*::VGW01, SAPText: E1AFVOL[x].*::VGE01, PropertyKey: "SetupTimeMachine"+"-"+vornr, xmlSOAPContenttext: xmlSOAPContenttext, dataTable: dataTable});
									dataTable =  me.ParseOrderFloatWithText({ SAPFloat: E1AFVOL[x].*::VGW02, SAPText: E1AFVOL[x].*::VGE02, PropertyKey: "MachineTime"+"-"+vornr, xmlSOAPContenttext: xmlSOAPContenttext, dataTable: dataTable});
									dataTable =  me.ParseOrderFloatWithText({ SAPFloat: E1AFVOL[x].*::VGW03, SAPText: E1AFVOL[x].*::VGE03, PropertyKey: "LaborTime"+"-"+vornr, xmlSOAPContenttext: xmlSOAPContenttext, dataTable: dataTable});
									dataTable =  me.ParseOrderFloatWithText({ SAPFloat: E1AFVOL[x].*::VGW04, SAPText: E1AFVOL[x].*::VGE04, PropertyKey: "SetupTimeLabor"+"-"+vornr, xmlSOAPContenttext: xmlSOAPContenttext, dataTable: dataTable});
									dataTable =  me.ParseOrderFloatWithText({ SAPFloat: E1AFVOL[x].*::VGW05, SAPText: E1AFVOL[x].*::VGE05, PropertyKey: "MachineLoadingTime"+"-"+vornr, xmlSOAPContenttext: xmlSOAPContenttext, dataTable: dataTable});
								}
							}
		
							dataTable =  me.ParseOrderText({ SAPText: E1AFVOL[x].*::VORNR, PropertyKey: "Operation"+"-"+vornr, xmlSOAPContenttext: xmlSOAPContenttext, dataTable: dataTable});
							dataTable =  me.ParseOrderText({ SAPText: E1AFVOL[x].*::ARBPL, PropertyKey: "Line"+"-"+vornr, xmlSOAPContenttext: xmlSOAPContenttext, dataTable: dataTable});
							dataTable =  me.ParseOrderText({ SAPText: E1AFVOL[x].*::E1JSTVL.*::STAT, PropertyKey: "Status"+"-"+vornr, xmlSOAPContenttext: xmlSOAPContenttext, dataTable: dataTable});
		
							dataTable =  me.ParseOrderFloat({ SAPFloat: E1AFVOL[x].*::BMSCH, PropertyKey: "BaseQuantity"+"-"+vornr, xmlSOAPContenttext: xmlSOAPContenttext, dataTable: dataTable});
							dataTable =  me.ParseOrderFloat({ SAPFloat: E1AFVOL[x].*::LMNGA, PropertyKey: "OKPartsConfirmed"+"-"+vornr, xmlSOAPContenttext: xmlSOAPContenttext, dataTable: dataTable});
							dataTable =  me.ParseOrderFloat({ SAPFloat: E1AFVOL[x].*::XMNGA, PropertyKey: "NOKPartsConfirmed"+"-"+vornr, xmlSOAPContenttext: xmlSOAPContenttext, dataTable: dataTable});
							dataTable =  me.ParseOrderFloat({ SAPFloat: E1AFVOL[x].*::RMNGA, PropertyKey: "ReworkedPartsConfirmed"+"-"+vornr, xmlSOAPContenttext: xmlSOAPContenttext, dataTable: dataTable});
							dataTable =  me.ParseOrderFloat({ SAPFloat: E1AFVOL[x].*::MGVRG, PropertyKey: "Quantity"+"-"+vornr, xmlSOAPContenttext: xmlSOAPContenttext, dataTable: dataTable});
		
							dataTable =  me.ParseOrderFloatWithText({ SAPFloat: E1AFVOL[x].*::BEARZ, SAPText: E1AFVOL[x].*::BEAZE, PropertyKey: "ProcessingTime"+"-"+vornr, xmlSOAPContenttext: xmlSOAPContenttext, dataTable: dataTable});
							dataTable =  me.ParseOrderFloatWithText({ SAPFloat: E1AFVOL[x].*::RUEST, SAPText: E1AFVOL[x].*::RSTZE, PropertyKey: "SetupTime"+"-"+vornr, xmlSOAPContenttext: xmlSOAPContenttext, dataTable: dataTable});
							dataTable =  me.ParseOrderFloatWithText({ SAPFloat: E1AFVOL[x].*::ABRUE, SAPText: E1AFVOL[x].*::ARUZE, PropertyKey: "TeardownTime"+"-"+vornr, xmlSOAPContenttext: xmlSOAPContenttext, dataTable: dataTable});
		
							dataTable =  me.ParseOrderDate({ SAPDate: E1AFVOL[x].*::FSAVD, SAPTime: E1AFVOL[x].*::FSAVZ, PropertyKey: "EarliestScheduledStartExecution"+"-"+vornr, xmlSOAPContenttext: xmlSOAPContenttext, dataTable: dataTable});
							dataTable =  me.ParseOrderDate({ SAPDate: E1AFVOL[x].*::FSSBD, SAPTime: E1AFVOL[x].*::FSSBZ, PropertyKey: "EarliestScheduledStartProcessing"+"-"+vornr, xmlSOAPContenttext: xmlSOAPContenttext, dataTable: dataTable});
							dataTable =  me.ParseOrderDate({ SAPDate: E1AFVOL[x].*::FSSAD, SAPTime: E1AFVOL[x].*::FSSAZ, PropertyKey: "EarliestScheduledStartTeardown"+"-"+vornr, xmlSOAPContenttext: xmlSOAPContenttext, dataTable: dataTable});
							dataTable =  me.ParseOrderDate({ SAPDate: E1AFVOL[x].*::FSSLD, SAPTime: E1AFVOL[x].*::FSSLZ, PropertyKey: "EarliestScheduledStartWait"+"-"+vornr, xmlSOAPContenttext: xmlSOAPContenttext, dataTable: dataTable});
							dataTable =  me.ParseOrderDate({ SAPDate: E1AFVOL[x].*::FSEDD, SAPTime: E1AFVOL[x].*::FSEDZ, PropertyKey: "EarliestScheduledFinishExecution"+"-"+vornr, xmlSOAPContenttext: xmlSOAPContenttext, dataTable: dataTable});
							dataTable =  me.ParseOrderDate({ SAPDate: E1AFVOL[x].*::FSELD, SAPTime: E1AFVOL[x].*::FSELZ, PropertyKey: "EarliestScheduledFinishWait"+"-"+vornr, xmlSOAPContenttext: xmlSOAPContenttext, dataTable: dataTable});
							dataTable =  me.ParseOrderDate({ SAPDate: E1AFVOL[x].*::SSAVD, SAPTime: E1AFVOL[x].*::SSAVZ, PropertyKey: "LatestScheduledStartExecution"+"-"+vornr, xmlSOAPContenttext: xmlSOAPContenttext, dataTable: dataTable});
							dataTable =  me.ParseOrderDate({ SAPDate: E1AFVOL[x].*::SSSBD, SAPTime: E1AFVOL[x].*::SSSBZ, PropertyKey: "LatestScheduledStartProcessing"+"-"+vornr, xmlSOAPContenttext: xmlSOAPContenttext, dataTable: dataTable});
							dataTable =  me.ParseOrderDate({ SAPDate: E1AFVOL[x].*::SSSAD, SAPTime: E1AFVOL[x].*::SSSAZ, PropertyKey: "LatestScheduledStartTeardown"+"-"+vornr, xmlSOAPContenttext: xmlSOAPContenttext, dataTable: dataTable});
							dataTable =  me.ParseOrderDate({ SAPDate: E1AFVOL[x].*::SSSLD, SAPTime: E1AFVOL[x].*::SSSLZ, PropertyKey: "LatestScheduledStartWait"+"-"+vornr, xmlSOAPContenttext: xmlSOAPContenttext, dataTable: dataTable});
							dataTable =  me.ParseOrderDate({ SAPDate: E1AFVOL[x].*::SSEDD, SAPTime: E1AFVOL[x].*::SSEDZ, PropertyKey: "LatestScheduledFinishExecution"+"-"+vornr, xmlSOAPContenttext: xmlSOAPContenttext, dataTable: dataTable});
							dataTable =  me.ParseOrderDate({ SAPDate: E1AFVOL[x].*::SSELD, SAPTime: E1AFVOL[x].*::SSELZ, PropertyKey: "LatestScheduledFinishWait"+"-"+vornr, xmlSOAPContenttext: xmlSOAPContenttext, dataTable: dataTable});
		
		
							//BOMS currently only used for plant LIB, PlantId 2901
							//if (me.name == "KBTruckSAPServer"){
							if (me.name == "KBTruckSAPServer" && PlantId == "2901"){
				                try {
									var E1RESBL = E1AFVOL[x].*::E1RESBL;
									var E1RESBL_Length = E1RESBL.length();
					
									for (var xxx = 0; xxx<E1RESBL_Length; xxx++) {
										dataTable =  me.ParseOrderText({ SAPText: E1RESBL[xxx].*::BDART, PropertyKey: "BOMRequirementType"+"-"+xxx+"-"+vornr, xmlSOAPContenttext: xmlSOAPContenttext, dataTable: dataTable});
										dataTable =  me.ParseOrderFloatWithText({ SAPFloat: E1RESBL[xxx].*::BDMNG, SAPText: E1RESBL[xxx].*::MEINS, PropertyKey: "BOMRequirementQuantity"+"-"+xxx+"-"+vornr, xmlSOAPContenttext: xmlSOAPContenttext, dataTable: dataTable});
										dataTable =  me.ParseOrderText({ SAPText: E1RESBL[xxx].*::LGORT, PropertyKey: "BOMStorageLocation"+"-"+xxx+"-"+vornr, xmlSOAPContenttext: xmlSOAPContenttext, dataTable: dataTable});
										dataTable =  me.ParseOrderText({ SAPText: E1RESBL[xxx].*::MATNR, PropertyKey: "BOMMaterialNumber"+"-"+xxx+"-"+vornr, xmlSOAPContenttext: xmlSOAPContenttext, dataTable: dataTable});
										dataTable =  me.ParseOrderText({ SAPText: E1RESBL[xxx].*::DUMPS, PropertyKey: "BOMPhantomAssembly"+"-"+xxx+"-"+vornr, xmlSOAPContenttext: xmlSOAPContenttext, dataTable: dataTable});
										dataTable =  me.ParseOrderFloatWithText({ SAPFloat: E1RESBL[xxx].*::VMENG, SAPText: E1RESBL[xxx].*::MEINS, PropertyKey: "BOMConfirmedQuantity"+"-"+xxx+"-"+vornr, xmlSOAPContenttext: xmlSOAPContenttext, dataTable: dataTable});
										dataTable =  me.ParseOrderText({ SAPText: E1RESBL[xxx].*::SHKZG, PropertyKey: "BOMDebitCreditFlag"+"-"+xxx+"-"+vornr, xmlSOAPContenttext: xmlSOAPContenttext, dataTable: dataTable});
										dataTable =  me.ParseOrderText({ SAPText: E1RESBL[xxx].*::BWART, PropertyKey: "BOMMovementType"+"-"+xxx+"-"+vornr, xmlSOAPContenttext: xmlSOAPContenttext, dataTable: dataTable});
										dataTable =  me.ParseOrderText({ SAPText: E1RESBL[xxx].*::SOBKZ, PropertyKey: "BOMSpecialStockIndicator"+"-"+xxx+"-"+vornr, xmlSOAPContenttext: xmlSOAPContenttext, dataTable: dataTable});
										dataTable =  me.ParseOrderText({ SAPText: E1RESBL[xxx].*::SCHGT, PropertyKey: "BOMIndicatorBulkMaterial"+"-"+xxx+"-"+vornr, xmlSOAPContenttext: xmlSOAPContenttext, dataTable: dataTable});
	
	
	
	
										//dataTable =  me.ParseOrderText({ SAPText: E1RESBL[xxx].*::DOKAR, PropertyKey: "BOMDocumentType"+"-"+xxx+"-"+vornr, xmlSOAPContenttext: xmlSOAPContenttext, dataTable: dataTable});
										//dataTable =  me.ParseOrderText({ SAPText: E1RESBL[xxx].*::DOKNR, PropertyKey: "BOMDocumentNumber"+"-"+xxx+"-"+vornr, xmlSOAPContenttext: xmlSOAPContenttext, dataTable: dataTable});
										//dataTable =  me.ParseOrderText({ SAPText: E1RESBL[xxx].*::DOKVR, PropertyKey: "BOMDocumentVersion"+"-"+xxx+"-"+vornr, xmlSOAPContenttext: xmlSOAPContenttext, dataTable: dataTable});
										//dataTable =  me.ParseOrderText({ SAPText: E1RESBL[xxx].*::DOKTL, PropertyKey: "BOMDocumentPart"+"-"+xxx+"-"+vornr, xmlSOAPContenttext: xmlSOAPContenttext, dataTable: dataTable});
									}
					            } catch(err) {
					                logger.error("KBSAPPOIClientShape/ParseXmlFromBufferTable: Error Parsing E1RESBL: " + err + " " + xmlSOAPContenttext);
					            }
					        }
						}
					} else {
						logger.debug("KBSAPPOIClientShape/ParseXmlFromBufferTable: only PLNFL = 0 considered! Here: PLNFL "+E1AFFLL[xx].*::PLNFL);	                
					}
				}	            
				//*****************************************************************************************
	            try {
	                // KBOrderKeyValueDataShape entry object
	                var newEntry = new Object();
	                newEntry.TextValue = xmlSOAPContenttext; 
	                newEntry.isTextValue = true; // BOOLEAN
	                newEntry.Key = "LOIPRO"; // STRING - isPrimaryKey = true
					logger.debug("KBSAPPOIClientShape/ParseXmlFromBufferTable: "+newEntry.Key+": " + newEntry.TextValue);	                
	
	                dataTable.AddRow(newEntry);
	            } catch(err) {
	                logger.error("KBSAPPOIClientShape/ParseXmlFromBufferTable: Error Parsing Status: " + err + " " + xmlSOAPContenttext);
	            }
				//*****************************************************************************************
				//END LOIPRO*****************************************************************************************
				//*****************************************************************************************

	
	            // result: STRING
	
	            var params = {
	                updateDataIfProductionStarted: true /* BOOLEAN */,
	                OrderNumber: ordernumber /* STRING */,
	                OrderKeyValues: dataTable /* INFOTABLE */,
	                System: xmlSOAPSystemName /* STRING */,
	                isProductionStarted: isProductionStarted /* BOOLEAN */,
	                PlantId: PlantId
	            };
	
	            // result: INTEGER
	            result = Things[DBKPI].InsertOrUpdateOrderData(params);
	            


	            try {
					var SERNR = xmlSOAPContentxml.*::IDOC.*::E1AFKOL.*::E1AFPOL.*::ZE1AFSER.*::SERNR;
					var SERNR_Length = SERNR.length();
					for (var xx = 0; xx<SERNR_Length; xx++) {
			            // CreateInfoTableFromDataShape(infoTableName:STRING("InfoTable"), dataShapeName:STRING):INFOTABLE(KBOrderKeyValueDataShape)
			            var dataTable1 = Resources["InfoTableFunctions"].CreateInfoTableFromDataShape({
				                infoTableName : "InfoTable",
				                dataShapeName : "KBOrderKeyValueDataShape"
				            });

				        var snr=SERNR[xx].toString();
				        //logger.debug("KBSAPPOIClientShape/ParseXmlFromBufferTable: snr: " + snr);
						dataTable1 =  me.ParseOrderText({ SAPText: snr, PropertyKey: "SerialNumber", xmlSOAPContenttext: xmlSOAPContenttext, dataTable: dataTable1});
			
			            // result: INTEGER
			            Things[DBKPI].InsertOrUpdateOrderData({
			                updateDataIfProductionStarted: false /* BOOLEAN */,
			                OrderNumber: ordernumber+"-"+snr /* STRING */,
			                OrderKeyValues: dataTable1 /* INFOTABLE */,
			                System: xmlSOAPSystemName /* STRING */,
			                isProductionStarted: false /* BOOLEAN */,
			                PlantId: PlantId
			            });
						
					}
	            } catch(err) {
	                logger.error("KBSAPPOIClientShape/ParseXmlFromBufferTable: Error setting SERNR: " + err + " " + xmlSOAPContenttext);
	            }

				try {
		            //Do Fastems check
		            if (xmlSOAPSystemName == "KBRailSAPServer" && PlantId == "0203") {
		            	Things[DBKPI].CheckFastemsOrder({SapThing: xmlSOAPSystemName, OrderNumber: ordernumber, SAPPlantId: PlantId});
		            }
	            } catch(err) {
	                logger.error("KBSAPPOIClientShape/ParseXmlFromBufferTable: Error Do Fastems check: " + err + " OrderNumber:" + ordernumber);
	            }
	            
	            

            } else if (xmlSOAPContentname == "HRCC1DNPERSO") {
	            var params = {
	                infoTableName : "InfoTable",
	                dataShapeName : "KBUserKeyValueDataShape"
	            };
	
	            // CreateInfoTableFromDataShape(infoTableName:STRING("InfoTable"), dataShapeName:STRING):INFOTABLE(KBOrderKeyValueDataShape)
	            var dataTable = Resources["InfoTableFunctions"].CreateInfoTableFromDataShape(params);

				var E1BPCC1DNPERSO = xmlSOAPContentxml.*::IDOC.*::E1BPCC1DNPERSO;
				var E1BPCC1DNPERSO_Length = E1BPCC1DNPERSO.length();

               	logger.debug("KBSAPPOIClientShape/ParseXmlFromBufferTable: Parsing HR Ministamm Length: " + E1BPCC1DNPERSO_Length);
               	
               	var ValidityDateStart = new Date();
               	var ValidityDateEnd = new Date();

				for (var x = 0; x<E1BPCC1DNPERSO_Length; x++) {
		            try {
	                	var PERNO = E1BPCC1DNPERSO[x].*::PERNO;
	                	
	                	logger.debug("KBSAPPOIClientShape/ParseXmlFromBufferTable: Parsing HR Ministamm for User-Id: " + PERNO);
	
						dataTable =  me.ParseUserText({ SAPText: E1BPCC1DNPERSO[x].*::SORT_NAME, PropertyKey: "Name", xmlSOAPContenttext: xmlSOAPContenttext, dataTable: dataTable});
						dataTable =  me.ParseUserText({ SAPText: E1BPCC1DNPERSO[x].*::EDIT_NAME, PropertyKey: "SAPLoginName", xmlSOAPContenttext: xmlSOAPContenttext, dataTable: dataTable});
						dataTable =  me.ParseUserText({ SAPText: E1BPCC1DNPERSO[x].*::COMP_CODE, PropertyKey: "CompanyCode", xmlSOAPContenttext: xmlSOAPContenttext, dataTable: dataTable});
						dataTable =  me.ParseUserText({ SAPText: E1BPCC1DNPERSO[x].*::COSTCENTER, PropertyKey: "CostCenter", xmlSOAPContenttext: xmlSOAPContenttext, dataTable: dataTable});

						dataTable =  me.ParseUserDate({ SAPDate: E1BPCC1DNPERSO[x].*::FROM_DATE, SAPTime: "000000", PropertyKey: "ValidityDateStart", xmlSOAPContenttext: xmlSOAPContenttext, dataTable: dataTable});
						dataTable =  me.ParseUserDate({ SAPDate: E1BPCC1DNPERSO[x].*::TO_DATE, SAPTime: "000000", PropertyKey: "ValidityDateEnd", xmlSOAPContenttext: xmlSOAPContenttext, dataTable: dataTable});


						var isActive = false;
			            try {
							var dateValue = new Date();
							
							// dateDifference(date1:DATETIME,date2:DATETIME):NUMBER
							var difference = dateDifference(dateValue, ValidityDateStart);
							if (difference > 0) {isActive = true;} else {isActive = false;}
	
							// dateDifference(date1:DATETIME,date2:DATETIME):NUMBER
							difference = dateDifference(ValidityDateEnd, dateValue);
							if (difference > 0 && isActive) {isActive = true;} else {isActive = false;}
	
			            } catch(err) {
			                logger.error("KBSAPPOIClientShape/ParseXmlFromBufferTable: Error Parsing isActive: " + err + " " + xmlSOAPContenttext);
			            }
			            
			            
						var params = {
							isUserActive: isActive /* BOOLEAN */,
							User: PERNO /* STRING */,
							UserKeyValues: dataTable /* INFOTABLE */,
							updateDataIfUserIsActive: true /* BOOLEAN */,
							System: "KBRailSAPServer" /* STRING */
						};
						
						// result: INTEGER
						result = Things[DBKPI].InsertOrUpdateUserData(params);		            
		            } catch(err) {
		                logger.error("KBSAPPOIClientShape/ParseXmlFromBufferTable: Error Parsing User: " + err + " " + xmlSOAPContenttext);
		            }
		        }
            } else if (xmlSOAPContentname == "LOIWCS02") {
	            var params = {
	                infoTableName : "InfoTable",
	                dataShapeName : "KBOrderKeyValueDataShape"
	            };
	
	            // CreateInfoTableFromDataShape(infoTableName:STRING("InfoTable"), dataShapeName:STRING):INFOTABLE(KBOrderKeyValueDataShape)
	            var dataTable = Resources["InfoTableFunctions"].CreateInfoTableFromDataShape(params);

				//*****************************************************************************************
				//START LOIWCS02*****************************************************************************************
				//*****************************************************************************************
				var isProductionStarted = false;
	            try {
	                ordernumber = "OBJID"+xmlSOAPContentxml.*::IDOC.*::E1CRHDL.*::OBJID; // STRING
					logger.debug("KBSAPPOIClientShape/ParseXmlFromBufferTable: Parsing Ordernumber: " + ordernumber);	                
	            } catch(err) {
	                logger.error("KBSAPPOIClientShape/ParseXmlFromBufferTable: Error Parsing OrderNumber: " + err + " " + xmlSOAPContenttext);
	            }
	            try {
			        PlantId = xmlSOAPContentxml.*::IDOC.*::E1CRHDL.*::WERKS; // STRING
	            } catch(err) {
	                logger.error("KBSAPPOIClientShape/ParseXmlFromBufferTable: Error Parsing PlantId: " + err + " " + xmlSOAPContenttext);
	            }

				//*****************************************************************************************
				dataTable =  me.ParseOrderText({ SAPText: xmlSOAPContentxml.*::IDOC.*::E1CRHDL.*::ARBPL, PropertyKey: "Device", xmlSOAPContenttext: xmlSOAPContenttext, dataTable: dataTable});
				dataTable =  me.ParseOrderText({ SAPText: xmlSOAPContentxml.*::IDOC.*::E1CRHDL.*::WERKS, PropertyKey: "Plant", xmlSOAPContenttext: xmlSOAPContenttext, dataTable: dataTable});
				dataTable =  me.ParseOrderText({ SAPText: xmlSOAPContentxml.*::IDOC.*::E1CRHDL.*::OBJID, PropertyKey: "OBJID", xmlSOAPContenttext: xmlSOAPContenttext, dataTable: dataTable});
				//*****************************************************************************************
	            try {
	                // KBOrderKeyValueDataShape entry object
	                var newEntry = new Object();
	                newEntry.TextValue = xmlSOAPContenttext; 
	                newEntry.isTextValue = true; // BOOLEAN
	                newEntry.Key = "LOIWCS"; // STRING - isPrimaryKey = true
					logger.debug("KBSAPPOIClientShape/ParseXmlFromBufferTable: "+newEntry.Key+": " + newEntry.TextValue);	                
	
	                dataTable.AddRow(newEntry);
	            } catch(err) {
	                logger.error("KBSAPPOIClientShape/ParseXmlFromBufferTable: Error Parsing Status: " + err + " " + xmlSOAPContenttext);
	            }
				//*****************************************************************************************
				//END LOIWCS02*****************************************************************************************
				//*****************************************************************************************

	
	            // result: STRING
	
	            var params = {
	                updateDataIfProductionStarted: true /* BOOLEAN */,
	                OrderNumber: ordernumber /* STRING */,
	                OrderKeyValues: dataTable /* INFOTABLE */,
	                System: xmlSOAPSystemName /* STRING */,
	                isProductionStarted: isProductionStarted /* BOOLEAN */,
	                PlantId: PlantId
	            };
	
	            // result: INTEGER
	            result = Things[DBKPI].InsertOrUpdateOrderData(params);
			} else {
				throw xmlSOAPContentname+": Unknown XML Start";
			}            
			
			try {
				var params = {
					path: xmlSOAPContentxmlPath /* STRING */
				};
				
				// no return
				Things["KBSapReceiverFileRepositoryThing"].DeleteFile(params);
			} catch(err) {
				logger.warn("KBSAPPOIClientShape/ParseXmlFromBufferTable: Error deleting XML File (1): "  + xmlSOAPContentxmlPath + " " + err);
			}
			
			if (me.keepProcessedSAPFiles){
				var params = {
					path: xmlSOAPContentxmlName + ".OK" /* STRING */,
					content: xmlSOAPContenttext /* STRING */
				};
				
				Things["KBSapReceiverProcessedFileRepositoryThing"].SaveText(params);
			}
            
        } catch(err) {
            logger.error("KBSAPPOIClientShape/ParseXmlFromBufferTable: Error Parsing XML: " + err + " " + xmlSOAPContenttext);

			logger.warn("KBSAPPOIClientShape/ParseXmlFromBufferTable: Error writing Error XMLFile: "  + xmlSOAPContentxmlPath + " " + err);

			var params = {
				path: xmlSOAPContentxmlName + ".err" /* STRING */,
				content: err + " --> " + xmlSOAPContenttext /* STRING */
			};
			
			Things["KBSapReceiverErrorFileRepositoryThing"].SaveText(params);


			try {
				var params = {
					path: xmlSOAPContentxmlPath /* STRING */
				};
				
				// no return
				Things["KBSapReceiverFileRepositoryThing"].DeleteFile(params);
			} catch(err) {
				logger.warn("KBSAPPOIClientShape/ParseXmlFromBufferTable: Error deleting XML File (2): "  + xmlSOAPContentxmlPath + " " + err);
			}
        }
} catch(err) {
    logger.error("KBSAPPOIClientShape/ParseXmlFromBufferTable: Error Parsing XML: " + err);
}




]]>
									</code>
								</Row>
							</Rows>
						</ConfigurationTable>
					</ConfigurationTables>
				</ServiceImplementation>
				<ServiceImplementation description=""
					handlerName="Script" name="SAP2ThingWorx">
					<ConfigurationTables>
						<ConfigurationTable description="Script"
							isMultiRow="false" name="Script" ordinal="0">
							<DataShape>
								<FieldDefinitions>
									<FieldDefinition baseType="STRING" description="code"
										name="code" ordinal="0" />
								</FieldDefinitions>
							</DataShape>
							<Rows>
								<Row>
									<code><![CDATA[
var result = false;

try {

	// dateValue:DATETIME
	var dateValue = new Date();
    var xmlContent = String(XML);
    var order_guid = generateGUID();
    var fileName = me.name+dateValue.getTime()+order_guid+".xml";
 
	var params = {
		path: fileName /* STRING */,
		content: xmlContent 
	};

	// no return
	Things["KBSapReceiverFileRepositoryThing"].SaveText(params);

    var xmlSOAPContentname = XML.*::IDOC.*::EDI_DC40.*::IDOCTYP;
    var xmlSOAPContentIdoc = XML.*::IDOC.*::EDI_DC40.*::DOCNUM;
    var xmlSOAPContentOrder = XML.*::IDOC.*::E1AFKOL.*::AUFNR; // STRING
	logger.warn("KBSAPPOIClientShape/SAP2ThingWorx: " + xmlSOAPContentname + " - " + xmlSOAPContentIdoc + " - " + xmlSOAPContentOrder + " - " + fileName);

	
	result = true;

} catch(err) {
	logger.error("KBSAPPOIClientShape/SAP2ThingWorx: " + err);
}]]></code>
								</Row>
							</Rows>
						</ConfigurationTable>
					</ConfigurationTables>
				</ServiceImplementation>
				<ServiceImplementation description=""
					handlerName="Script" name="ParseOrderXmlFromBufferTable">
					<ConfigurationTables>
						<ConfigurationTable description="Script"
							isMultiRow="false" name="Script" ordinal="0">
							<DataShape>
								<FieldDefinitions>
									<FieldDefinition baseType="STRING" description="code"
										name="code" ordinal="0" />
								</FieldDefinitions>
							</DataShape>
							<Rows>
								<Row>
									<code>
											<![CDATA[
try {
		me.lastPOIRun = new Date();
        var ordernumber = "unknown";
        try {
            var xmlSOAPSystemName = xmlSOAPContentxmlName.substring(0,xmlSOAPContentxmlName.length - 17 - 36);
            
            logger.debug("KBSAPPOIClientShape/ParseXmlFromBufferTable: "+xmlSOAPContentxmlName);
            logger.debug("KBSAPPOIClientShape/ParseXmlFromBufferTable: "+xmlSOAPContentxmlPath);
            
            var params = {
				path: xmlSOAPContentxmlPath /* STRING */
			};
			
			var xmlSOAPContenttext = String(Things["KBSapReceiverFileRepositoryThing"].LoadText(params));
			if (xmlSOAPContenttext.substring(0,2) == "<?") {
			    xmlSOAPContenttext = xmlSOAPContenttext.substring(xmlSOAPContenttext.indexOf("?>")+2);
			}
			var lastChar = xmlSOAPContenttext.lastIndexOf(">");
			if (lastChar > 0 && xmlSOAPContenttext.substring(lastChar-1,lastChar+1) == ">>") {
			    xmlSOAPContenttext = xmlSOAPContenttext.substring(0, lastChar);
			}           
            var xmlSOAPContentxml = new XML(xmlSOAPContenttext);
            var xmlSOAPContentname = xmlSOAPContentxml.*::IDOC.*::EDI_DC40.*::IDOCTYP;
            
            logger.debug("KBSAPPOIClientShape/ParseXmlFromBufferTable: "+xmlSOAPContentname);

            if (xmlSOAPContentname == "LOIPRO01") {
				//*****************************************************************************************
				//START LOIPRO*****************************************************************************************
				//*****************************************************************************************
	            try {
	                ordernumber = xmlSOAPContentxml.*::IDOC.*::E1AFKOL.*::AUFNR; // STRING
					logger.debug("KBSAPPOIClientShape/ParseXmlFromBufferTable: Parsing Ordernumber: " + ordernumber);	                
	            } catch(err) {
	                logger.error("KBSAPPOIClientShape/ParseXmlFromBufferTable: Error Parsing OrderNumber: " + err + " " + xmlSOAPContenttext);
	            }
				//*****************************************************************************************
				//END LOIPRO*****************************************************************************************
				//*****************************************************************************************
            } else if (xmlSOAPContentname == "LOIWCS02") {
				//*****************************************************************************************
				//START LOIWCS02*****************************************************************************************
				//*****************************************************************************************
	            try {
	                ordernumber = "OBJID"+xmlSOAPContentxml.*::IDOC.*::E1CRHDL.*::OBJID; // STRING
					logger.debug("KBSAPPOIClientShape/ParseXmlFromBufferTable: Parsing Ordernumber: " + ordernumber);	                
	            } catch(err) {
	                logger.error("KBSAPPOIClientShape/ParseXmlFromBufferTable: Error Parsing OrderNumber: " + err + " " + xmlSOAPContenttext);
	            }
				//*****************************************************************************************
				//END LOIWCS02*****************************************************************************************
				//*****************************************************************************************
			} else {
				throw xmlSOAPContentname+": Unknown XML Start";
			}            

			try {
				
				var processNumber = ordernumber.slice(ordernumber.length - 1);
				var targetPath = "/"+me.name+"/"+processNumber+xmlSOAPContentxmlPath; 

				var params = {
					sourcePath: xmlSOAPContentxmlPath /* STRING */,
					targetPath: targetPath, 
					overwrite: true
				};
				
				// no return
				Things["KBSapReceiverFileRepositoryThing"].MoveFile(params);
			} catch(err) {
				logger.warn("KBSAPPOIClientShape/ParseXmlFromBufferTable: Error moving XML File (1): "  + xmlSOAPContentxmlPath + " " + err);
			}
        } catch(err) {
            logger.error("KBSAPPOIClientShape/ParseXmlFromBufferTable: Error Parsing XML: " + err + " " + xmlSOAPContenttext);
			logger.warn("KBSAPPOIClientShape/ParseXmlFromBufferTable: Error writing Error XMLFile: "  + xmlSOAPContentxmlPath + " " + err);

			var params = {
				path: xmlSOAPContentxmlName + ".err" /* STRING */,
				content: err + " --> " + xmlSOAPContenttext /* STRING */
			};
			
			Things["KBSapReceiverErrorFileRepositoryThing"].SaveText(params);


			try {
				var params = {
					path: xmlSOAPContentxmlPath /* STRING */
				};
				
				// no return
				Things["KBSapReceiverFileRepositoryThing"].DeleteFile(params);
			} catch(err) {
				logger.warn("KBSAPPOIClientShape/ParseXmlFromBufferTable: Error deleting XML File (2): "  + xmlSOAPContentxmlPath + " " + err);
			}
        }
} catch(err) {
    logger.error("KBSAPPOIClientShape/ParseXmlFromBufferTable: Error Parsing XML: " + err);
}




]]>
									</code>
								</Row>
							</Rows>
						</ConfigurationTable>
					</ConfigurationTables>
				</ServiceImplementation>
			</ServiceImplementations>
			<Subscriptions />
			<Owner name="adm-flassakm" type="User" />
			<avatar />
			<DesignTimePermissions>
				<Create />
				<Read />
				<Update />
				<Delete />
				<Metadata />
			</DesignTimePermissions>
			<RunTimePermissions>
				<Permissions resourceName="SAP2ThingWorx">
					<PropertyRead />
					<PropertyWrite />
					<ServiceInvoke>
						<Principal isPermitted="true" name="KBSAPServiceUser"
							type="User" />
					</ServiceInvoke>
					<EventInvoke />
					<EventSubscribe />
				</Permissions>
			</RunTimePermissions>
			<VisibilityPermissions>
				<Visibility>
					<Principal isPermitted="true" name="KBSAPServiceOrganization"
						type="Organization" />
				</Visibility>
			</VisibilityPermissions>
			<ConfigurationTables />
			<ConfigurationChanges>
				<ConfigurationChange changeAction="CREATE"
					changeReason="header : name : updated, projectName : updated, tags : updated&#10;documentation : updated&#10;"
					timestamp="2017-11-09T08:47:38.229+01:00" user="adm-flassakm" />
			</ConfigurationChanges>
			<PropertyBindings />
			<RemotePropertyBindings />
			<RemoteServiceBindings />
			<RemoteEventBindings />
			<AlertConfigurations />
			<InstanceRunTimePermissions>
				<Permissions resourceName="SAP2ThingWorx">
					<PropertyRead />
					<PropertyWrite />
					<ServiceInvoke>
						<Principal isPermitted="true" name="KBSAPServiceUser"
							type="User" />
					</ServiceInvoke>
					<EventInvoke />
					<EventSubscribe />
				</Permissions>
			</InstanceRunTimePermissions>
		</ThingShape>
	</ThingShapes>
</Entities>